company_id,flight_number,scheduled_departure_date_local,scheduled_departure_station_code,scheduled_arrival_station_code,scheduled_departure_datetime_local,scheduled_arrival_datetime_local,actual_departure_datetime_local,actual_arrival_datetime_local,total_seats,fleet_type,carrier,scheduled_ground_time_minutes,actual_ground_time_minutes,minimum_turn_minutes
UA,1000,2024-01-15,ORD,PIT,2024-01-15T15:45:00,2024-01-15T20:56:00,2024-01-15T17:32:00,2024-01-15T22:43:00,252,787-9,Mainline,32,46,26
UA,1001,2024-01-15,ORD,PVG,2024-01-15T12:50:00,2024-01-15T17:42:00,2024-01-15T14:27:00,2024-01-15T19:18:00,76,ERJ-175,Express,60,65,25
UA,1002,2024-01-15,ORD,DXB,2024-01-15T14:55:00,2024-01-15T18:23:00,2024-01-15T15:31:00,2024-01-15T19:03:00,166,737-800,Mainline,52,57,38
UA,1003,2024-01-15,ORD,ICN,2024-01-15T10:45:00,2024-01-15T13:41:00,2024-01-15T11:33:00,2024-01-15T14:31:00,70,ERJ-170,Express,53,62,33
UA,1004,2024-01-15,ORD,MIA,2024-01-15T08:25:00,2024-01-15T10:59:00,2024-01-15T08:25:00,2024-01-15T10:57:00,176,757-200,Mainline,84,86,21
UA,1005,2024-01-15,ORD,IAD,2024-01-15T11:35:00,2024-01-15T13:15:00,2024-01-15T11:35:00,2024-01-15T13:22:00,234,757-300,Mainline,35,33,26
UA,1006,2024-01-15,ORD,MCO,2024-01-15T12:05:00,2024-01-15T16:15:00,2024-01-15T14:05:00,2024-01-15T18:22:00,234,757-300,Mainline,70,70,20
UA,1007,2024-01-15,ORD,BOG,2024-01-15T09:25:00,2024-01-15T12:35:00,2024-01-15T09:25:00,2024-01-15T12:34:00,50,ERJ-145,Express,90,103,36
UA,1008,2024-01-15,ORD,CLT,2024-01-15T16:25:00,2024-01-15T22:14:00,2024-01-15T16:25:00,2024-01-15T22:12:00,50,CRJ-200,Express,36,35,20
UA,1009,2024-01-15,ORD,DEL,2024-01-15T08:35:00,2024-01-15T14:33:00,2024-01-15T08:35:00,2024-01-15T14:39:00,176,757-200,Mainline,36,45,36
UA,1010,2024-01-15,ORD,EWR,2024-01-15T20:25:00,2024-01-16T01:05:00,2024-01-15T20:25:00,2024-01-16T01:12:00,234,787-8,Mainline,88,94,38
UA,1011,2024-01-15,ORD,NBO,2024-01-15T05:00:00,2024-01-15T06:51:00,2024-01-15T05:47:00,2024-01-15T07:41:00,128,A319,Mainline,52,60,24
UA,1012,2024-01-15,ORD,SIN,2024-01-15T17:40:00,2024-01-15T21:17:00,2024-01-15T17:40:00,2024-01-15T21:23:00,65,CRJ-700,Express,61,62,43
UA,1013,2024-01-15,ORD,IAH,2024-01-15T13:15:00,2024-01-15T17:13:00,2024-01-15T13:15:00,2024-01-15T17:22:00,166,737-800,Mainline,48,52,36
UA,1014,2024-01-15,ORD,AKL,2024-01-15T18:50:00,2024-01-15T22:43:00,2024-01-15T18:50:00,2024-01-15T22:47:00,176,757-200,Mainline,50,62,36
UA,1015,2024-01-15,ORD,MEX,2024-01-15T08:05:00,2024-01-15T09:39:00,2024-01-15T08:05:00,2024-01-15T09:44:00,166,737-800,Mainline,32,29,45
UA,1016,2024-01-15,ORD,AUS,2024-01-15T05:10:00,2024-01-15T07:51:00,2024-01-15T05:24:00,2024-01-15T08:12:00,318,787-10,Mainline,47,52,21
UA,1017,2024-01-15,ORD,JFK,2024-01-15T20:25:00,2024-01-16T01:32:00,2024-01-15T20:25:00,2024-01-16T01:30:00,76,ERJ-175,Express,38,33,29
UA,1018,2024-01-15,ORD,BOG,2024-01-15T06:45:00,2024-01-15T09:27:00,2024-01-15T06:45:00,2024-01-15T09:28:00,166,737-800,Mainline,80,92,30
UA,1019,2024-01-15,ORD,PIT,2024-01-15T11:40:00,2024-01-15T14:03:00,2024-01-15T11:40:00,2024-01-15T14:05:00,179,737-MAX9,Mainline,56,46,22
UA,1030,2024-01-16,ORD,DUB,2024-01-16T09:55:00,2024-01-16T14:11:00,2024-01-16T09:55:00,2024-01-16T14:10:00,128,A319,Mainline,86,91,39
UA,1031,2024-01-16,ORD,DTW,2024-01-16T15:50:00,2024-01-16T19:25:00,2024-01-16T17:05:00,2024-01-16T20:44:00,50,ERJ-145,Express,67,67,36
UA,1032,2024-01-16,ORD,GRU,2024-01-16T09:40:00,2024-01-16T12:10:00,2024-01-16T10:29:00,2024-01-16T12:57:00,128,A319,Mainline,49,48,40
UA,1033,2024-01-16,ORD,AKL,2024-01-16T13:40:00,2024-01-16T18:01:00,2024-01-16T15:29:00,2024-01-16T19:58:00,50,CRJ-200,Express,41,43,40
UA,1034,2024-01-16,ORD,SLC,2024-01-16T16:45:00,2024-01-16T20:37:00,2024-01-16T16:45:00,2024-01-16T20:44:00,234,757-300,Mainline,65,59,28
UA,1035,2024-01-16,ORD,MEL,2024-01-16T05:15:00,2024-01-16T08:11:00,2024-01-16T06:22:00,2024-01-16T09:13:00,176,757-200,Mainline,64,62,31
UA,1036,2024-01-16,ORD,AUS,2024-01-16T13:40:00,2024-01-16T16:58:00,2024-01-16T15:23:00,2024-01-16T18:44:00,234,787-8,Mainline,46,56,39
UA,1037,2024-01-16,ORD,CVG,2024-01-16T06:15:00,2024-01-16T11:21:00,2024-01-16T06:15:00,2024-01-16T11:29:00,128,A319,Mainline,63,67,36
UA,1038,2024-01-16,ORD,IST,2024-01-16T14:25:00,2024-01-16T16:11:00,2024-01-16T14:42:00,2024-01-16T16:34:00,234,757-300,Mainline,30,27,27
UA,1039,2024-01-16,ORD,SAN,2024-01-16T05:10:00,2024-01-16T10:55:00,2024-01-16T05:10:00,2024-01-16T10:56:00,76,ERJ-175,Express,38,43,22
UA,1040,2024-01-16,ORD,CLT,2024-01-16T18:30:00,2024-01-16T23:31:00,2024-01-16T19:27:00,2024-01-17T00:23:00,179,737-MAX9,Mainline,46,51,30
UA,1041,2024-01-16,ORD,ICN,2024-01-16T14:40:00,2024-01-16T19:18:00,2024-01-16T14:40:00,2024-01-16T19:21:00,166,737-800,Mainline,67,67,24
UA,1042,2024-01-16,ORD,HEL,2024-01-16T10:35:00,2024-01-16T13:24:00,2024-01-16T10:35:00,2024-01-16T13:32:00,50,CRJ-200,Express,77,89,31
UA,1043,2024-01-16,ORD,MRY,2024-01-16T13:35:00,2024-01-16T17:21:00,2024-01-16T13:35:00,2024-01-16T17:31:00,76,ERJ-175,Express,39,52,26
UA,1044,2024-01-16,ORD,BWI,2024-01-16T11:35:00,2024-01-16T15:07:00,2024-01-16T11:35:00,2024-01-16T15:10:00,65,CRJ-700,Express,39,52,40
UA,1045,2024-01-16,ORD,SLC,2024-01-16T20:25:00,2024-01-16T23:36:00,2024-01-16T20:54:00,2024-01-17T00:07:00,214,767-300ER,Mainline,32,24,29
UA,1046,2024-01-16,ORD,CMH,2024-01-16T05:05:00,2024-01-16T07:37:00,2024-01-16T05:05:00,2024-01-16T07:37:00,179,737-900ER,Mainline,88,81,32
UA,1047,2024-01-16,ORD,MEX,2024-01-16T05:25:00,2024-01-16T09:48:00,2024-01-16T07:04:00,2024-01-16T11:30:00,128,A319,Mainline,52,51,38
UA,1048,2024-01-16,ORD,SEA,2024-01-16T15:15:00,2024-01-16T16:56:00,2024-01-16T16:39:00,2024-01-16T18:21:00,50,ERJ-145,Express,74,75,27
UA,1049,2024-01-16,ORD,LGB,2024-01-16T12:40:00,2024-01-16T14:15:00,2024-01-16T12:40:00,2024-01-16T14:13:00,70,ERJ-170,Express,28,31,23
UA,1060,2024-01-17,ORD,MRY,2024-01-17T14:40:00,2024-01-17T17:46:00,2024-01-17T15:04:00,2024-01-17T18:17:00,50,CRJ-550,Express,39,50,24
UA,1061,2024-01-17,ORD,CPH,2024-01-17T11:25:00,2024-01-17T13:08:00,2024-01-17T11:31:00,2024-01-17T13:24:00,128,A319,Mainline,85,75,31
UA,1062,2024-01-17,ORD,SLC,2024-01-17T20:20:00,2024-01-18T00:58:00,2024-01-17T20:20:00,2024-01-18T01:07:00,318,787-10,Mainline,81,89,29
UA,1063,2024-01-17,ORD,MCO,2024-01-17T09:50:00,2024-01-17T12:31:00,2024-01-17T11:32:00,2024-01-17T14:13:00,176,757-200,Mainline,75,75,26
UA,1064,2024-01-17,ORD,MRY,2024-01-17T16:20:00,2024-01-17T19:20:00,2024-01-17T16:20:00,2024-01-17T19:20:00,234,757-300,Mainline,27,24,42
UA,1065,2024-01-17,ORD,IST,2024-01-17T07:15:00,2024-01-17T12:52:00,2024-01-17T07:15:00,2024-01-17T12:54:00,128,A319,Mainline,63,74,42
UA,1066,2024-01-17,ORD,BNA,2024-01-17T21:00:00,2024-01-18T00:44:00,2024-01-17T21:00:00,2024-01-18T00:40:00,234,757-300,Mainline,37,43,23
UA,1067,2024-01-17,ORD,SFO,2024-01-17T09:50:00,2024-01-17T14:48:00,2024-01-17T09:50:00,2024-01-17T14:48:00,252,787-9,Mainline,90,86,29
UA,1068,2024-01-17,ORD,LIM,2024-01-17T10:35:00,2024-01-17T12:12:00,2024-01-17T10:35:00,2024-01-17T12:12:00,50,CRJ-550,Express,61,60,28
UA,1069,2024-01-17,ORD,AMS,2024-01-17T06:25:00,2024-01-17T11:59:00,2024-01-17T06:49:00,2024-01-17T12:31:00,214,767-300ER,Mainline,44,54,43
UA,1070,2024-01-17,ORD,IST,2024-01-17T05:10:00,2024-01-17T10:00:00,2024-01-17T05:10:00,2024-01-17T10:02:00,252,787-9,Mainline,59,63,31
UA,1071,2024-01-17,ORD,FAT,2024-01-17T21:10:00,2024-01-17T23:41:00,2024-01-17T21:10:00,2024-01-17T23:45:00,318,787-10,Mainline,40,42,43
UA,1072,2024-01-17,ORD,MRY,2024-01-17T12:30:00,2024-01-17T17:03:00,2024-01-17T12:30:00,2024-01-17T17:04:00,65,CRJ-700,Express,53,57,32
UA,1073,2024-01-17,ORD,LAS,2024-01-17T22:30:00,2024-01-18T04:03:00,2024-01-17T22:30:00,2024-01-18T04:04:00,179,737-MAX9,Mainline,26,40,32
UA,1074,2024-01-17,ORD,MRY,2024-01-17T20:45:00,2024-01-18T02:15:00,2024-01-17T20:45:00,2024-01-18T02:20:00,76,ERJ-175,Express,71,84,45
UA,1075,2024-01-17,ORD,SMF,2024-01-17T06:30:00,2024-01-17T08:10:00,2024-01-17T08:01:00,2024-01-17T09:37:00,76,ERJ-175,Express,38,28,30
UA,1076,2024-01-17,ORD,JFK,2024-01-17T07:25:00,2024-01-17T12:06:00,2024-01-17T07:25:00,2024-01-17T12:14:00,50,CRJ-550,Express,63,64,35
UA,1077,2024-01-17,ORD,PHL,2024-01-17T13:40:00,2024-01-17T16:57:00,2024-01-17T13:40:00,2024-01-17T16:53:00,366,777-300ER,Mainline,29,23,35
UA,1078,2024-01-17,ORD,MAD,2024-01-17T06:20:00,2024-01-17T11:11:00,2024-01-17T06:20:00,2024-01-17T11:16:00,214,767-300ER,Mainline,56,55,22
UA,1079,2024-01-17,ORD,AUS,2024-01-17T10:35:00,2024-01-17T14:49:00,2024-01-17T11:50:00,2024-01-17T16:01:00,179,737-900ER,Mainline,54,56,33
UA,1080,2024-01-17,ORD,EWR,2024-01-17T13:50:00,2024-01-17T18:19:00,2024-01-17T15:21:00,2024-01-17T19:56:00,366,777-300ER,Mainline,65,71,36
UA,1081,2024-01-17,ORD,IAH,2024-01-17T05:55:00,2024-01-17T10:56:00,2024-01-17T05:55:00,2024-01-17T10:59:00,214,767-300ER,Mainline,26,31,31
UA,1090,2024-01-18,ORD,LAS,2024-01-18T06:50:00,2024-01-18T11:28:00,2024-01-18T07:11:00,2024-01-18T11:50:00,76,ERJ-175,Express,61,64,29
UA,1091,2024-01-18,ORD,LGB,2024-01-18T11:25:00,2024-01-18T16:17:00,2024-01-18T11:25:00,2024-01-18T16:15:00,65,CRJ-700,Express,72,82,28
UA,1092,2024-01-18,ORD,ZUR,2024-01-18T17:45:00,2024-01-18T22:25:00,2024-01-18T17:45:00,2024-01-18T22:24:00,234,787-8,Mainline,67,67,24
UA,1093,2024-01-18,ORD,MSP,2024-01-18T11:10:00,2024-01-18T14:56:00,2024-01-18T13:00:00,2024-01-18T16:51:00,252,787-9,Mainline,89,91,25
UA,1094,2024-01-18,ORD,NRT,2024-01-18T08:15:00,2024-01-18T12:02:00,2024-01-18T08:15:00,2024-01-18T12:08:00,50,CRJ-550,Express,66,65,32
UA,1095,2024-01-18,ORD,MCO,2024-01-18T18:55:00,2024-01-18T22:49:00,2024-01-18T18:55:00,2024-01-18T22:53:00,150,A320,Mainline,83,98,35
UA,1096,2024-01-18,ORD,MCO,2024-01-18T22:55:00,2024-01-19T02:44:00,2024-01-18T22:55:00,2024-01-19T02:40:00,50,CRJ-200,Express,43,48,43
UA,1097,2024-01-18,ORD,MRY,2024-01-18T18:40:00,2024-01-19T00:05:00,2024-01-18T20:30:00,2024-01-19T01:51:00,65,CRJ-700,Express,58,53,44
UA,1098,2024-01-18,ORD,MCI,2024-01-18T09:00:00,2024-01-18T14:02:00,2024-01-18T09:00:00,2024-01-18T14:10:00,50,CRJ-550,Express,82,73,24
UA,1099,2024-01-18,ORD,YYZ,2024-01-18T21:10:00,2024-01-18T22:55:00,2024-01-18T21:10:00,2024-01-18T22:59:00,318,787-10,Mainline,29,31,28
UA,1100,2024-01-18,ORD,PVG,2024-01-18T22:35:00,2024-01-19T00:50:00,2024-01-18T23:21:00,2024-01-19T01:46:00,128,A319,Mainline,56,62,21
UA,1101,2024-01-18,ORD,SJC,2024-01-18T17:15:00,2024-01-18T22:40:00,2024-01-18T17:15:00,2024-01-18T22:38:00,214,767-300ER,Mainline,44,53,22
UA,1102,2024-01-18,ORD,SFO,2024-01-18T17:15:00,2024-01-18T22:01:00,2024-01-18T17:15:00,2024-01-18T21:56:00,70,ERJ-170,Express,80,74,27
UA,1103,2024-01-18,ORD,DCA,2024-01-18T19:25:00,2024-01-18T23:41:00,2024-01-18T19:25:00,2024-01-18T23:42:00,214,767-300ER,Mainline,81,94,29
UA,1104,2024-01-18,ORD,JNB,2024-01-18T17:35:00,2024-01-18T22:53:00,2024-01-18T18:35:00,2024-01-19T00:02:00,166,737-800,Mainline,55,69,26
UA,1105,2024-01-18,ORD,PVG,2024-01-18T09:10:00,2024-01-18T13:21:00,2024-01-18T09:10:00,2024-01-18T13:25:00,50,CRJ-550,Express,25,20,34
UA,1106,2024-01-18,ORD,STL,2024-01-18T11:00:00,2024-01-18T16:17:00,2024-01-18T12:05:00,2024-01-18T17:21:00,150,A320,Mainline,80,79,39
UA,1107,2024-01-18,ORD,BUR,2024-01-18T14:55:00,2024-01-18T18:28:00,2024-01-18T14:55:00,2024-01-18T18:29:00,234,757-300,Mainline,89,98,20
UA,1108,2024-01-18,ORD,LHR,2024-01-18T12:25:00,2024-01-18T17:18:00,2024-01-18T12:25:00,2024-01-18T17:22:00,234,787-8,Mainline,40,46,26
UA,1109,2024-01-18,ORD,MSP,2024-01-18T18:55:00,2024-01-18T21:02:00,2024-01-18T18:55:00,2024-01-18T21:04:00,179,737-900ER,Mainline,36,45,36
UA,1120,2024-01-19,ORD,OSL,2024-01-19T07:15:00,2024-01-19T08:46:00,2024-01-19T07:15:00,2024-01-19T08:46:00,166,737-800,Mainline,79,72,37
UA,1121,2024-01-19,ORD,MCI,2024-01-19T19:40:00,2024-01-19T23:37:00,2024-01-19T19:40:00,2024-01-19T23:32:00,276,777-200ER,Mainline,59,52,20
UA,1122,2024-01-19,ORD,HND,2024-01-19T20:10:00,2024-01-19T22:45:00,2024-01-19T20:10:00,2024-01-19T22:48:00,276,777-200ER,Mainline,41,48,36
UA,1123,2024-01-19,ORD,PHL,2024-01-19T08:45:00,2024-01-19T12:28:00,2024-01-19T08:45:00,2024-01-19T12:33:00,50,CRJ-550,Express,37,46,34
UA,1124,2024-01-19,ORD,CAI,2024-01-19T14:50:00,2024-01-19T17:02:00,2024-01-19T14:50:00,2024-01-19T16:57:00,128,A319,Mainline,44,58,23
UA,1125,2024-01-19,ORD,LGB,2024-01-19T16:30:00,2024-01-19T19:51:00,2024-01-19T16:48:00,2024-01-19T20:08:00,128,A319,Mainline,36,39,31
UA,1126,2024-01-19,ORD,MEX,2024-01-19T20:55:00,2024-01-20T02:22:00,2024-01-19T20:55:00,2024-01-20T02:26:00,50,ERJ-145,Express,39,49,45
UA,1127,2024-01-19,ORD,DCA,2024-01-19T08:25:00,2024-01-19T11:59:00,2024-01-19T08:25:00,2024-01-19T11:54:00,50,ERJ-145,Express,41,32,23
UA,1128,2024-01-19,ORD,YVR,2024-01-19T18:55:00,2024-01-19T21:38:00,2024-01-19T18:55:00,2024-01-19T21:41:00,65,CRJ-700,Express,90,89,41
UA,1129,2024-01-19,ORD,EWR,2024-01-19T10:40:00,2024-01-19T15:57:00,2024-01-19T10:43:00,2024-01-19T15:57:00,318,787-10,Mainline,60,57,25
UA,1130,2024-01-19,ORD,PSP,2024-01-19T08:00:00,2024-01-19T11:15:00,2024-01-19T08:00:00,2024-01-19T11:18:00,76,ERJ-175,Express,76,86,36
UA,1131,2024-01-19,ORD,PDX,2024-01-19T06:55:00,2024-01-19T09:31:00,2024-01-19T06:55:00,2024-01-19T09:27:00,276,777-200ER,Mainline,79,83,44
UA,1132,2024-01-19,ORD,NBO,2024-01-19T12:50:00,2024-01-19T16:02:00,2024-01-19T12:50:00,2024-01-19T16:10:00,150,A320,Mainline,75,85,35
UA,1133,2024-01-19,ORD,BRU,2024-01-19T15:20:00,2024-01-19T20:48:00,2024-01-19T15:20:00,2024-01-19T20:44:00,179,737-900ER,Mainline,80,94,24
UA,1134,2024-01-19,ORD,SIN,2024-01-19T17:35:00,2024-01-19T21:43:00,2024-01-19T17:35:00,2024-01-19T21:49:00,70,ERJ-170,Express,34,49,32
UA,1135,2024-01-19,ORD,PHL,2024-01-19T12:15:00,2024-01-19T13:45:00,2024-01-19T12:15:00,2024-01-19T13:53:00,366,777-300ER,Mainline,67,63,29
UA,1136,2024-01-19,ORD,BOG,2024-01-19T22:00:00,2024-01-19T23:41:00,2024-01-19T22:00:00,2024-01-19T23:49:00,234,757-300,Mainline,50,51,28
UA,1137,2024-01-19,ORD,RDU,2024-01-19T22:55:00,2024-01-20T01:20:00,2024-01-19T22:55:00,2024-01-20T01:19:00,76,ERJ-175,Express,26,17,24
UA,1138,2024-01-19,ORD,CPH,2024-01-19T14:05:00,2024-01-19T19:18:00,2024-01-19T14:05:00,2024-01-19T19:19:00,252,787-9,Mainline,57,65,31
UA,1150,2024-01-20,ORD,DUB,2024-01-20T13:25:00,2024-01-20T16:16:00,2024-01-20T13:25:00,2024-01-20T16:22:00,179,737-MAX9,Mainline,32,47,21
UA,1151,2024-01-20,ORD,IND,2024-01-20T05:45:00,2024-01-20T07:40:00,2024-01-20T05:45:00,2024-01-20T07:36:00,70,ERJ-170,Express,47,41,31
UA,1152,2024-01-20,ORD,CLE,2024-01-20T20:15:00,2024-01-20T22:54:00,2024-01-20T21:22:00,2024-01-21T00:06:00,234,787-8,Mainline,80,70,38
UA,1153,2024-01-20,ORD,CLT,2024-01-20T20:10:00,2024-01-21T00:41:00,2024-01-20T22:00:00,2024-01-21T02:39:00,366,777-300ER,Mainline,36,37,36
UA,1154,2024-01-20,ORD,SAN,2024-01-20T13:25:00,2024-01-20T17:43:00,2024-01-20T13:25:00,2024-01-20T17:47:00,70,ERJ-170,Express,42,44,28
UA,1155,2024-01-20,ORD,NRT,2024-01-20T17:20:00,2024-01-20T21:34:00,2024-01-20T17:20:00,2024-01-20T21:43:00,234,757-300,Mainline,82,89,26
UA,1156,2024-01-20,ORD,JFK,2024-01-20T17:10:00,2024-01-20T23:05:00,2024-01-20T17:10:00,2024-01-20T23:01:00,150,A320,Mainline,25,32,40
UA,1157,2024-01-20,ORD,VIE,2024-01-20T12:35:00,2024-01-20T18:30:00,2024-01-20T12:35:00,2024-01-20T18:30:00,179,737-MAX9,Mainline,74,88,29
UA,1158,2024-01-20,ORD,SLC,2024-01-20T09:00:00,2024-01-20T13:52:00,2024-01-20T09:00:00,2024-01-20T13:50:00,276,777-200ER,Mainline,54,55,41
UA,1159,2024-01-20,ORD,LGB,2024-01-20T13:40:00,2024-01-20T15:34:00,2024-01-20T14:08:00,2024-01-20T15:57:00,276,777-200ER,Mainline,25,35,28
UA,1160,2024-01-20,ORD,DOH,2024-01-20T05:55:00,2024-01-20T08:17:00,2024-01-20T05:55:00,2024-01-20T08:13:00,76,ERJ-175,Express,33,47,37
UA,1161,2024-01-20,ORD,DOH,2024-01-20T22:15:00,2024-01-21T01:17:00,2024-01-20T22:15:00,2024-01-21T01:25:00,234,787-8,Mainline,29,31,22
UA,1162,2024-01-20,ORD,SFO,2024-01-20T20:50:00,2024-01-20T23:58:00,2024-01-20T20:50:00,2024-01-20T23:57:00,50,ERJ-145,Express,53,44,35
UA,1163,2024-01-20,ORD,IAH,2024-01-20T18:55:00,2024-01-20T22:28:00,2024-01-20T18:55:00,2024-01-20T22:31:00,276,777-200ER,Mainline,74,75,29
UA,1164,2024-01-20,ORD,GRU,2024-01-20T05:25:00,2024-01-20T07:09:00,2024-01-20T05:25:00,2024-01-20T07:08:00,50,CRJ-200,Express,52,67,44
UA,1165,2024-01-20,ORD,SNA,2024-01-20T14:30:00,2024-01-20T17:04:00,2024-01-20T14:37:00,2024-01-20T17:13:00,214,767-300ER,Mainline,75,78,36
UA,1166,2024-01-20,ORD,SYD,2024-01-20T19:10:00,2024-01-20T23:08:00,2024-01-20T19:10:00,2024-01-20T23:16:00,50,CRJ-550,Express,57,56,20
UA,1167,2024-01-20,ORD,PSP,2024-01-20T13:55:00,2024-01-20T19:43:00,2024-01-20T13:55:00,2024-01-20T19:46:00,179,737-900ER,Mainline,53,61,30
UA,1168,2024-01-20,ORD,BCN,2024-01-20T06:35:00,2024-01-20T12:35:00,2024-01-20T06:35:00,2024-01-20T12:36:00,366,777-300ER,Mainline,53,66,31
UA,1180,2024-01-21,ORD,EZE,2024-01-21T15:40:00,2024-01-21T19:15:00,2024-01-21T15:40:00,2024-01-21T19:12:00,128,A319,Mainline,54,62,21
UA,1181,2024-01-21,ORD,FAT,2024-01-21T07:50:00,2024-01-21T10:24:00,2024-01-21T07:50:00,2024-01-21T10:25:00,70,ERJ-170,Express,35,26,25
UA,1182,2024-01-21,ORD,NBO,2024-01-21T17:05:00,2024-01-21T22:48:00,2024-01-21T17:05:00,2024-01-21T22:55:00,234,787-8,Mainline,66,68,35
UA,1183,2024-01-21,ORD,HND,2024-01-21T13:50:00,2024-01-21T18:05:00,2024-01-21T13:50:00,2024-01-21T18:00:00,276,777-200ER,Mainline,30,24,44
UA,1184,2024-01-21,ORD,DCA,2024-01-21T12:45:00,2024-01-21T18:33:00,2024-01-21T12:45:00,2024-01-21T18:30:00,70,ERJ-170,Express,36,41,41
UA,1185,2024-01-21,ORD,YYZ,2024-01-21T19:15:00,2024-01-22T00:34:00,2024-01-21T19:15:00,2024-01-22T00:42:00,366,777-300ER,Mainline,56,59,34
UA,1186,2024-01-21,ORD,MEX,2024-01-21T17:05:00,2024-01-21T19:12:00,2024-01-21T17:05:00,2024-01-21T19:08:00,276,777-200ER,Mainline,31,27,21
UA,1187,2024-01-21,ORD,CLE,2024-01-21T12:50:00,2024-01-21T17:05:00,2024-01-21T13:34:00,2024-01-21T17:58:00,366,777-300ER,Mainline,56,59,39
UA,1188,2024-01-21,ORD,ONT,2024-01-21T14:40:00,2024-01-21T20:09:00,2024-01-21T14:40:00,2024-01-21T20:16:00,179,737-MAX9,Mainline,56,57,32
UA,1189,2024-01-21,ORD,YYZ,2024-01-21T06:05:00,2024-01-21T09:13:00,2024-01-21T06:05:00,2024-01-21T09:10:00,76,ERJ-175,Express,62,60,34
UA,1190,2024-01-21,ORD,MRY,2024-01-21T15:20:00,2024-01-21T19:25:00,2024-01-21T15:22:00,2024-01-21T19:27:00,70,ERJ-170,Express,88,80,36
UA,1191,2024-01-21,ORD,LHR,2024-01-21T17:50:00,2024-01-21T21:43:00,2024-01-21T17:50:00,2024-01-21T21:40:00,76,ERJ-175,Express,52,53,40
UA,1192,2024-01-21,ORD,BOS,2024-01-21T16:20:00,2024-01-21T18:04:00,2024-01-21T16:20:00,2024-01-21T17:59:00,366,777-300ER,Mainline,79,69,34
UA,1193,2024-01-21,ORD,OAK,2024-01-21T20:15:00,2024-01-21T23:12:00,2024-01-21T22:04:00,2024-01-22T01:03:00,65,CRJ-700,Express,33,42,28
UA,1194,2024-01-21,ORD,DOH,2024-01-21T22:45:00,2024-01-22T01:59:00,2024-01-22T00:07:00,2024-01-22T03:21:00,50,CRJ-550,Express,84,94,21
UA,1195,2024-01-21,ORD,RDU,2024-01-21T13:25:00,2024-01-21T18:10:00,2024-01-21T13:25:00,2024-01-21T18:18:00,76,ERJ-175,Express,50,56,35
UA,1196,2024-01-21,ORD,MIA,2024-01-21T07:25:00,2024-01-21T12:38:00,2024-01-21T08:10:00,2024-01-21T13:19:00,176,757-200,Mainline,29,36,34
UA,1197,2024-01-21,ORD,AUS,2024-01-21T06:50:00,2024-01-21T09:10:00,2024-01-21T06:50:00,2024-01-21T09:18:00,65,CRJ-700,Express,57,57,44
UA,1198,2024-01-21,ORD,MSP,2024-01-21T08:25:00,2024-01-21T10:04:00,2024-01-21T08:27:00,2024-01-21T10:10:00,179,737-900ER,Mainline,36,48,34
UA,1199,2024-01-21,ORD,BRU,2024-01-21T05:00:00,2024-01-21T07:11:00,2024-01-21T05:00:00,2024-01-21T07:07:00,176,757-200,Mainline,75,65,34
UA,1200,2024-01-21,ORD,CLT,2024-01-21T10:50:00,2024-01-21T15:05:00,2024-01-21T10:50:00,2024-01-21T15:06:00,176,757-200,Mainline,46,59,22
UA,1210,2024-01-22,ORD,CVG,2024-01-22T08:50:00,2024-01-22T10:58:00,2024-01-22T08:50:00,2024-01-22T11:06:00,50,CRJ-200,Express,61,65,26
UA,1211,2024-01-22,ORD,DXB,2024-01-22T14:35:00,2024-01-22T18:58:00,2024-01-22T14:35:00,2024-01-22T18:58:00,50,CRJ-550,Express,75,85,41
UA,1212,2024-01-22,ORD,PHL,2024-01-22T11:20:00,2024-01-22T14:47:00,2024-01-22T11:20:00,2024-01-22T14:46:00,252,787-9,Mainline,59,61,28
UA,1213,2024-01-22,ORD,EZE,2024-01-22T20:55:00,2024-01-23T01:07:00,2024-01-22T20:55:00,2024-01-23T01:14:00,65,CRJ-700,Express,29,39,26
UA,1214,2024-01-22,ORD,FCO,2024-01-22T19:35:00,2024-01-22T21:37:00,2024-01-22T19:35:00,2024-01-22T21:47:00,366,777-300ER,Mainline,46,41,43
UA,1215,2024-01-22,ORD,MEX,2024-01-22T20:25:00,2024-01-23T01:27:00,2024-01-22T21:21:00,2024-01-23T02:19:00,179,737-MAX9,Mainline,77,72,36
UA,1216,2024-01-22,ORD,GRU,2024-01-22T18:05:00,2024-01-22T22:29:00,2024-01-22T18:05:00,2024-01-22T22:36:00,70,ERJ-170,Express,75,80,43
UA,1217,2024-01-22,ORD,VIE,2024-01-22T05:15:00,2024-01-22T08:00:00,2024-01-22T05:15:00,2024-01-22T07:57:00,70,ERJ-170,Express,36,28,25
UA,1218,2024-01-22,ORD,PSP,2024-01-22T18:30:00,2024-01-22T22:03:00,2024-01-22T18:30:00,2024-01-22T22:00:00,150,A320,Mainline,57,54,41
UA,1219,2024-01-22,ORD,MRY,2024-01-22T12:05:00,2024-01-22T14:26:00,2024-01-22T12:05:00,2024-01-22T14:24:00,179,737-MAX9,Mainline,34,49,20
UA,1220,2024-01-22,ORD,HKG,2024-01-22T18:05:00,2024-01-22T19:57:00,2024-01-22T18:05:00,2024-01-22T19:58:00,234,757-300,Mainline,82,94,31
UA,1221,2024-01-22,ORD,HKG,2024-01-22T21:35:00,2024-01-22T23:11:00,2024-01-22T22:23:00,2024-01-23T00:09:00,252,787-9,Mainline,32,41,30
UA,1222,2024-01-22,ORD,CDG,2024-01-22T21:05:00,2024-01-23T02:27:00,2024-01-22T21:05:00,2024-01-23T02:29:00,214,767-300ER,Mainline,85,75,35
UA,1223,2024-01-22,ORD,BRU,2024-01-22T17:25:00,2024-01-22T21:22:00,2024-01-22T17:25:00,2024-01-22T21:17:00,50,ERJ-145,Express,36,49,27
UA,1224,2024-01-22,ORD,IST,2024-01-22T13:10:00,2024-01-22T17:10:00,2024-01-22T13:10:00,2024-01-22T17:20:00,252,787-9,Mainline,54,63,21
UA,1225,2024-01-22,ORD,BNA,2024-01-22T09:10:00,2024-01-22T10:56:00,2024-01-22T09:10:00,2024-01-22T11:06:00,252,787-9,Mainline,44,54,26
UA,1226,2024-01-22,ORD,ATL,2024-01-22T16:10:00,2024-01-22T20:02:00,2024-01-22T16:10:00,2024-01-22T20:10:00,150,A320,Mainline,41,44,43
UA,1227,2024-01-22,ORD,DTW,2024-01-22T09:45:00,2024-01-22T11:24:00,2024-01-22T09:45:00,2024-01-22T11:27:00,166,737-800,Mainline,86,82,45
UA,1228,2024-01-22,ORD,LIM,2024-01-22T06:15:00,2024-01-22T11:51:00,2024-01-22T06:25:00,2024-01-22T12:02:00,179,737-MAX9,Mainline,64,59,30
UA,1229,2024-01-22,ORD,MSP,2024-01-22T05:15:00,2024-01-22T07:25:00,2024-01-22T05:15:00,2024-01-22T07:22:00,128,A319,Mainline,41,33,44
UA,1230,2024-01-22,ORD,CDG,2024-01-22T15:10:00,2024-01-22T19:42:00,2024-01-22T15:10:00,2024-01-22T19:43:00,179,737-MAX9,Mainline,28,41,40
UA,1231,2024-01-22,ORD,DTW,2024-01-22T12:45:00,2024-01-22T16:15:00,2024-01-22T12:45:00,2024-01-22T16:13:00,50,ERJ-145,Express,68,77,31
UA,1232,2024-01-22,ORD,BOM,2024-01-22T09:45:00,2024-01-22T14:39:00,2024-01-22T09:45:00,2024-01-22T14:48:00,179,737-900ER,Mainline,79,91,33
UA,1240,2024-01-23,ORD,DFW,2024-01-23T11:20:00,2024-01-23T16:31:00,2024-01-23T11:20:00,2024-01-23T16:27:00,318,787-10,Mainline,31,38,29
UA,1241,2024-01-23,ORD,AUS,2024-01-23T16:45:00,2024-01-23T22:39:00,2024-01-23T17:16:00,2024-01-23T23:19:00,150,A320,Mainline,27,39,36
UA,1242,2024-01-23,ORD,MEX,2024-01-23T09:35:00,2024-01-23T11:15:00,2024-01-23T09:35:00,2024-01-23T11:13:00,70,ERJ-170,Express,46,43,37
UA,1243,2024-01-23,ORD,PHX,2024-01-23T12:50:00,2024-01-23T14:29:00,2024-01-23T12:50:00,2024-01-23T14:33:00,76,ERJ-175,Express,52,47,29
UA,1244,2024-01-23,ORD,JFK,2024-01-23T17:10:00,2024-01-23T21:34:00,2024-01-23T17:10:00,2024-01-23T21:44:00,128,A319,Mainline,37,29,33
UA,1245,2024-01-23,ORD,ZUR,2024-01-23T05:20:00,2024-01-23T08:13:00,2024-01-23T06:00:00,2024-01-23T08:54:00,166,737-800,Mainline,51,59,40
UA,1246,2024-01-23,ORD,PSP,2024-01-23T22:20:00,2024-01-24T00:29:00,2024-01-23T22:20:00,2024-01-24T00:28:00,252,787-9,Mainline,40,45,42
UA,1247,2024-01-23,ORD,MEL,2024-01-23T22:05:00,2024-01-24T01:06:00,2024-01-23T22:05:00,2024-01-24T01:06:00,76,ERJ-175,Express,88,100,40
UA,1248,2024-01-23,ORD,STL,2024-01-23T08:45:00,2024-01-23T13:04:00,2024-01-23T09:16:00,2024-01-23T13:37:00,176,757-200,Mainline,44,40,42
UA,1249,2024-01-23,ORD,IAD,2024-01-23T06:15:00,2024-01-23T07:47:00,2024-01-23T06:15:00,2024-01-23T07:47:00,50,ERJ-145,Express,72,72,35
UA,1250,2024-01-23,ORD,YVR,2024-01-23T17:50:00,2024-01-23T22:40:00,2024-01-23T17:50:00,2024-01-23T22:43:00,252,787-9,Mainline,57,71,21
UA,1251,2024-01-23,ORD,SJC,2024-01-23T08:10:00,2024-01-23T10:27:00,2024-01-23T09:35:00,2024-01-23T11:49:00,50,CRJ-200,Express,45,58,32
UA,1252,2024-01-23,ORD,BCN,2024-01-23T21:30:00,2024-01-24T02:59:00,2024-01-23T21:30:00,2024-01-24T02:59:00,276,777-200ER,Mainline,66,66,29
UA,1253,2024-01-23,ORD,PIT,2024-01-23T14:30:00,2024-01-23T17:20:00,2024-01-23T14:30:00,2024-01-23T17:16:00,70,ERJ-170,Express,67,70,27
UA,1254,2024-01-23,ORD,BCN,2024-01-23T19:15:00,2024-01-24T01:11:00,2024-01-23T19:15:00,2024-01-24T01:15:00,234,787-8,Mainline,86,98,44
UA,1255,2024-01-23,ORD,OSL,2024-01-23T13:30:00,2024-01-23T15:43:00,2024-01-23T15:17:00,2024-01-23T17:32:00,65,CRJ-700,Express,31,22,27
UA,1256,2024-01-23,ORD,IND,2024-01-23T15:55:00,2024-01-23T21:44:00,2024-01-23T15:55:00,2024-01-23T21:45:00,150,A320,Mainline,47,45,25
UA,1257,2024-01-23,ORD,YVR,2024-01-23T21:10:00,2024-01-24T00:07:00,2024-01-23T21:10:00,2024-01-24T00:11:00,366,777-300ER,Mainline,26,19,28
UA,1270,2024-01-24,ORD,RDU,2024-01-24T22:55:00,2024-01-25T00:50:00,2024-01-24T22:55:00,2024-01-25T00:48:00,318,787-10,Mainline,86,85,41
UA,1271,2024-01-24,ORD,RDU,2024-01-24T18:35:00,2024-01-25T00:04:00,2024-01-24T18:51:00,2024-01-25T00:24:00,176,757-200,Mainline,63,63,21
UA,1272,2024-01-24,ORD,MCI,2024-01-24T13:15:00,2024-01-24T19:14:00,2024-01-24T15:03:00,2024-01-24T21:05:00,179,737-900ER,Mainline,90,99,36
UA,1273,2024-01-24,ORD,SEA,2024-01-24T05:35:00,2024-01-24T11:32:00,2024-01-24T05:35:00,2024-01-24T11:42:00,318,787-10,Mainline,44,42,33
UA,1274,2024-01-24,ORD,MCO,2024-01-24T11:55:00,2024-01-24T17:07:00,2024-01-24T11:55:00,2024-01-24T17:13:00,166,737-800,Mainline,25,40,38
UA,1275,2024-01-24,ORD,MEL,2024-01-24T13:25:00,2024-01-24T14:56:00,2024-01-24T13:25:00,2024-01-24T14:54:00,76,ERJ-175,Express,48,38,25
UA,1276,2024-01-24,ORD,FCO,2024-01-24T15:35:00,2024-01-24T17:38:00,2024-01-24T15:35:00,2024-01-24T17:35:00,176,757-200,Mainline,69,82,24
UA,1277,2024-01-24,ORD,HEL,2024-01-24T18:00:00,2024-01-24T21:51:00,2024-01-24T19:10:00,2024-01-24T23:08:00,179,737-MAX9,Mainline,78,72,36
UA,1278,2024-01-24,ORD,DXB,2024-01-24T06:25:00,2024-01-24T10:16:00,2024-01-24T07:33:00,2024-01-24T11:23:00,128,A319,Mainline,75,71,31
UA,1279,2024-01-24,ORD,SJC,2024-01-24T08:15:00,2024-01-24T11:34:00,2024-01-24T08:15:00,2024-01-24T11:30:00,70,ERJ-170,Express,59,55,23
UA,1280,2024-01-24,ORD,AMS,2024-01-24T13:35:00,2024-01-24T16:01:00,2024-01-24T13:35:00,2024-01-24T16:02:00,176,757-200,Mainline,90,90,24
UA,1281,2024-01-24,ORD,AMS,2024-01-24T21:20:00,2024-01-25T03:05:00,2024-01-24T22:19:00,2024-01-25T04:00:00,234,787-8,Mainline,72,86,43
UA,1282,2024-01-24,ORD,OSL,2024-01-24T11:45:00,2024-01-24T14:09:00,2024-01-24T12:59:00,2024-01-24T15:30:00,50,CRJ-550,Express,72,75,34
UA,1283,2024-01-24,ORD,AMS,2024-01-24T21:30:00,2024-01-25T00:30:00,2024-01-24T22:07:00,2024-01-25T01:17:00,276,777-200ER,Mainline,41,46,29
UA,1284,2024-01-24,ORD,NRT,2024-01-24T07:05:00,2024-01-24T11:50:00,2024-01-24T07:05:00,2024-01-24T11:47:00,65,CRJ-700,Express,26,23,27
UA,1285,2024-01-24,ORD,LIM,2024-01-24T14:45:00,2024-01-24T17:58:00,2024-01-24T15:27:00,2024-01-24T18:38:00,179,737-MAX9,Mainline,88,82,34
UA,1286,2024-01-24,ORD,SYD,2024-01-24T18:10:00,2024-01-24T23:43:00,2024-01-24T19:26:00,2024-01-25T00:56:00,318,787-10,Mainline,45,56,30
UA,1287,2024-01-24,ORD,EZE,2024-01-24T16:20:00,2024-01-24T22:14:00,2024-01-24T17:53:00,2024-01-24T23:45:00,50,CRJ-550,Express,33,41,25
UA,1288,2024-01-24,ORD,BOG,2024-01-24T19:25:00,2024-01-25T00:52:00,2024-01-24T20:09:00,2024-01-25T01:35:00,76,ERJ-175,Express,48,39,30
UA,1289,2024-01-24,ORD,EWR,2024-01-24T21:15:00,2024-01-24T23:27:00,2024-01-24T21:15:00,2024-01-24T23:32:00,179,737-MAX9,Mainline,61,54,43
UA,1290,2024-01-24,ORD,MEX,2024-01-24T08:00:00,2024-01-24T12:24:00,2024-01-24T09:18:00,2024-01-24T13:40:00,76,ERJ-175,Express,65,76,28
UA,1291,2024-01-24,ORD,CVG,2024-01-24T14:05:00,2024-01-24T16:56:00,2024-01-24T14:05:00,2024-01-24T16:51:00,318,787-10,Mainline,63,64,37
UA,1300,2024-01-25,ORD,SEA,2024-01-25T17:45:00,2024-01-25T22:12:00,2024-01-25T17:45:00,2024-01-25T22:21:00,318,787-10,Mainline,65,77,39
UA,1301,2024-01-25,ORD,SCL,2024-01-25T07:50:00,2024-01-25T10:48:00,2024-01-25T07:50:00,2024-01-25T10:51:00,150,A320,Mainline,59,53,36
UA,1302,2024-01-25,ORD,SLC,2024-01-25T13:20:00,2024-01-25T18:20:00,2024-01-25T13:20:00,2024-01-25T18:22:00,179,737-MAX9,Mainline,36,32,40
UA,1303,2024-01-25,ORD,CVG,2024-01-25T17:20:00,2024-01-25T19:16:00,2024-01-25T17:23:00,2024-01-25T19:17:00,128,A319,Mainline,30,22,37
UA,1304,2024-01-25,ORD,SEA,2024-01-25T19:05:00,2024-01-25T23:29:00,2024-01-25T19:58:00,2024-01-26T00:32:00,166,737-800,Mainline,66,58,20
UA,1305,2024-01-25,ORD,MCI,2024-01-25T10:00:00,2024-01-25T13:43:00,2024-01-25T10:00:00,2024-01-25T13:49:00,128,A319,Mainline,63,59,35
UA,1306,2024-01-25,ORD,BKK,2024-01-25T22:20:00,2024-01-26T01:59:00,2024-01-25T23:31:00,2024-01-26T03:12:00,252,787-9,Mainline,63,71,41
UA,1307,2024-01-25,ORD,SEA,2024-01-25T11:45:00,2024-01-25T17:19:00,2024-01-25T11:45:00,2024-01-25T17:21:00,252,787-9,Mainline,28,42,30
UA,1308,2024-01-25,ORD,HND,2024-01-25T06:45:00,2024-01-25T11:49:00,2024-01-25T06:45:00,2024-01-25T11:47:00,234,787-8,Mainline,40,35,42
UA,1309,2024-01-25,ORD,BOG,2024-01-25T14:55:00,2024-01-25T16:40:00,2024-01-25T14:55:00,2024-01-25T16:47:00,65,CRJ-700,Express,51,60,27
UA,1310,2024-01-25,ORD,MCI,2024-01-25T15:50:00,2024-01-25T21:45:00,2024-01-25T17:17:00,2024-01-25T23:14:00,252,787-9,Mainline,34,41,44
UA,1311,2024-01-25,ORD,CLT,2024-01-25T07:45:00,2024-01-25T12:51:00,2024-01-25T07:45:00,2024-01-25T13:01:00,50,CRJ-200,Express,78,84,29
UA,1312,2024-01-25,ORD,HEL,2024-01-25T15:00:00,2024-01-25T20:12:00,2024-01-25T15:04:00,2024-01-25T20:18:00,50,CRJ-550,Express,36,48,20
UA,1313,2024-01-25,ORD,YVR,2024-01-25T08:30:00,2024-01-25T11:33:00,2024-01-25T08:59:00,2024-01-25T12:11:00,176,757-200,Mainline,34,27,23
UA,1314,2024-01-25,ORD,IAD,2024-01-25T09:30:00,2024-01-25T11:12:00,2024-01-25T10:44:00,2024-01-25T12:29:00,276,777-200ER,Mainline,87,80,20
UA,1315,2024-01-25,ORD,HND,2024-01-25T20:40:00,2024-01-26T01:39:00,2024-01-25T20:40:00,2024-01-26T01:46:00,234,757-300,Mainline,80,80,44
UA,1316,2024-01-25,ORD,SNA,2024-01-25T20:05:00,2024-01-25T22:16:00,2024-01-25T20:05:00,2024-01-25T22:14:00,70,ERJ-170,Express,48,44,42
UA,1317,2024-01-25,ORD,MEX,2024-01-25T13:20:00,2024-01-25T15:12:00,2024-01-25T13:20:00,2024-01-25T15:13:00,50,CRJ-200,Express,42,36,28
UA,1318,2024-01-25,ORD,SYD,2024-01-25T18:15:00,2024-01-25T20:41:00,2024-01-25T18:15:00,2024-01-25T20:46:00,50,CRJ-550,Express,48,47,42
UA,1319,2024-01-25,ORD,MRY,2024-01-25T14:50:00,2024-01-25T16:35:00,2024-01-25T14:53:00,2024-01-25T16:38:00,276,777-200ER,Mainline,90,89,45
UA,1320,2024-01-25,ORD,DEL,2024-01-25T10:15:00,2024-01-25T12:28:00,2024-01-25T10:15:00,2024-01-25T12:38:00,234,757-300,Mainline,47,48,32
UA,1330,2024-01-26,ORD,HEL,2024-01-26T19:30:00,2024-01-27T01:18:00,2024-01-26T19:30:00,2024-01-27T01:27:00,50,CRJ-200,Express,87,84,35
UA,1331,2024-01-26,ORD,BOM,2024-01-26T08:30:00,2024-01-26T11:54:00,2024-01-26T08:30:00,2024-01-26T11:59:00,214,767-300ER,Mainline,25,36,43
UA,1332,2024-01-26,ORD,AUS,2024-01-26T17:20:00,2024-01-26T23:18:00,2024-01-26T18:18:00,2024-01-27T00:11:00,128,A319,Mainline,65,78,34
UA,1333,2024-01-26,ORD,OAK,2024-01-26T14:55:00,2024-01-26T19:48:00,2024-01-26T14:55:00,2024-01-26T19:51:00,318,787-10,Mainline,66,72,29
UA,1334,2024-01-26,ORD,OSL,2024-01-26T22:50:00,2024-01-27T02:59:00,2024-01-27T00:03:00,2024-01-27T04:16:00,176,757-200,Mainline,53,43,28
UA,1335,2024-01-26,ORD,DFW,2024-01-26T07:05:00,2024-01-26T09:31:00,2024-01-26T07:39:00,2024-01-26T10:13:00,234,757-300,Mainline,86,88,35
UA,1336,2024-01-26,ORD,DTW,2024-01-26T06:45:00,2024-01-26T12:38:00,2024-01-26T08:10:00,2024-01-26T14:00:00,128,A319,Mainline,38,30,32
UA,1337,2024-01-26,ORD,NBO,2024-01-26T08:45:00,2024-01-26T14:40:00,2024-01-26T09:00:00,2024-01-26T14:52:00,50,CRJ-200,Express,85,93,32
UA,1338,2024-01-26,ORD,ICN,2024-01-26T10:25:00,2024-01-26T15:23:00,2024-01-26T10:25:00,2024-01-26T15:24:00,318,787-10,Mainline,73,81,29
UA,1339,2024-01-26,ORD,PSP,2024-01-26T13:40:00,2024-01-26T16:07:00,2024-01-26T13:40:00,2024-01-26T16:08:00,318,787-10,Mainline,87,97,21
UA,1340,2024-01-26,ORD,LHR,2024-01-26T12:10:00,2024-01-26T15:37:00,2024-01-26T12:10:00,2024-01-26T15:45:00,234,787-8,Mainline,37,36,38
UA,1341,2024-01-26,ORD,BOM,2024-01-26T10:45:00,2024-01-26T15:08:00,2024-01-26T10:45:00,2024-01-26T15:18:00,179,737-900ER,Mainline,59,71,25
UA,1342,2024-01-26,ORD,SJC,2024-01-26T08:40:00,2024-01-26T14:34:00,2024-01-26T08:40:00,2024-01-26T14:33:00,179,737-900ER,Mainline,50,51,23
UA,1343,2024-01-26,ORD,BOM,2024-01-26T18:30:00,2024-01-26T20:10:00,2024-01-26T19:05:00,2024-01-26T20:54:00,76,ERJ-175,Express,40,47,32
UA,1344,2024-01-26,ORD,MRY,2024-01-26T21:30:00,2024-01-27T02:53:00,2024-01-26T21:30:00,2024-01-27T03:02:00,252,787-9,Mainline,65,63,20
UA,1345,2024-01-26,ORD,BOM,2024-01-26T08:15:00,2024-01-26T13:17:00,2024-01-26T08:44:00,2024-01-26T13:49:00,50,CRJ-200,Express,77,78,44
UA,1346,2024-01-26,ORD,NBO,2024-01-26T12:40:00,2024-01-26T16:56:00,2024-01-26T13:23:00,2024-01-26T17:36:00,166,737-800,Mainline,30,37,33
UA,1347,2024-01-26,ORD,GRU,2024-01-26T16:05:00,2024-01-26T18:39:00,2024-01-26T17:42:00,2024-01-26T20:16:00,70,ERJ-170,Express,70,81,22
UA,1348,2024-01-26,ORD,STL,2024-01-26T18:40:00,2024-01-26T21:59:00,2024-01-26T20:11:00,2024-01-26T23:39:00,234,787-8,Mainline,33,47,44
UA,1349,2024-01-26,ORD,MSP,2024-01-26T19:05:00,2024-01-26T22:58:00,2024-01-26T20:42:00,2024-01-27T00:41:00,234,757-300,Mainline,27,34,30
UA,1360,2024-01-27,ORD,NBO,2024-01-27T19:40:00,2024-01-27T22:28:00,2024-01-27T20:23:00,2024-01-27T23:13:00,366,777-300ER,Mainline,65,72,22
UA,1361,2024-01-27,ORD,SCL,2024-01-27T12:35:00,2024-01-27T17:07:00,2024-01-27T12:35:00,2024-01-27T17:08:00,50,ERJ-145,Express,25,16,32
UA,1362,2024-01-27,ORD,PVG,2024-01-27T14:20:00,2024-01-27T16:36:00,2024-01-27T15:49:00,2024-01-27T18:03:00,128,A319,Mainline,72,77,29
UA,1363,2024-01-27,ORD,LAX,2024-01-27T21:00:00,2024-01-27T23:31:00,2024-01-27T21:00:00,2024-01-27T23:31:00,76,ERJ-175,Express,33,29,22
UA,1364,2024-01-27,ORD,MKE,2024-01-27T14:10:00,2024-01-27T19:27:00,2024-01-27T14:10:00,2024-01-27T19:34:00,166,737-800,Mainline,29,24,31
UA,1365,2024-01-27,ORD,NBO,2024-01-27T20:55:00,2024-01-27T22:57:00,2024-01-27T22:20:00,2024-01-28T00:27:00,65,CRJ-700,Express,53,44,34
UA,1366,2024-01-27,ORD,JNB,2024-01-27T14:55:00,2024-01-27T20:47:00,2024-01-27T14:55:00,2024-01-27T20:43:00,50,ERJ-145,Express,80,72,22
UA,1367,2024-01-27,ORD,IST,2024-01-27T14:35:00,2024-01-27T17:54:00,2024-01-27T14:35:00,2024-01-27T17:55:00,366,777-300ER,Mainline,36,42,34
UA,1368,2024-01-27,ORD,PVG,2024-01-27T16:00:00,2024-01-27T19:15:00,2024-01-27T17:50:00,2024-01-27T21:11:00,179,737-MAX9,Mainline,37,35,45
UA,1369,2024-01-27,ORD,BNA,2024-01-27T08:25:00,2024-01-27T10:13:00,2024-01-27T10:16:00,2024-01-27T12:02:00,50,ERJ-145,Express,55,61,21
UA,1370,2024-01-27,ORD,ARN,2024-01-27T20:05:00,2024-01-28T01:24:00,2024-01-27T20:05:00,2024-01-28T01:19:00,234,787-8,Mainline,44,59,24
UA,1371,2024-01-27,ORD,MCO,2024-01-27T18:10:00,2024-01-27T23:46:00,2024-01-27T18:10:00,2024-01-27T23:43:00,179,737-MAX9,Mainline,26,25,33
UA,1372,2024-01-27,ORD,BOM,2024-01-27T19:15:00,2024-01-27T23:35:00,2024-01-27T19:15:00,2024-01-27T23:30:00,366,777-300ER,Mainline,71,69,32
UA,1373,2024-01-27,ORD,FRA,2024-01-27T21:00:00,2024-01-27T23:31:00,2024-01-27T21:34:00,2024-01-28T00:10:00,76,ERJ-175,Express,38,28,39
UA,1374,2024-01-27,ORD,CPH,2024-01-27T13:15:00,2024-01-27T18:47:00,2024-01-27T13:15:00,2024-01-27T18:42:00,50,CRJ-200,Express,49,45,30
UA,1375,2024-01-27,ORD,BOG,2024-01-27T21:45:00,2024-01-28T01:57:00,2024-01-27T21:45:00,2024-01-28T01:55:00,128,A319,Mainline,59,61,26
UA,1376,2024-01-27,ORD,BOS,2024-01-27T13:00:00,2024-01-27T17:24:00,2024-01-27T13:00:00,2024-01-27T17:30:00,50,CRJ-200,Express,80,91,28
UA,1377,2024-01-27,ORD,ATL,2024-01-27T07:45:00,2024-01-27T09:32:00,2024-01-27T07:45:00,2024-01-27T09:32:00,76,ERJ-175,Express,52,45,39
UA,1378,2024-01-27,ORD,PHL,2024-01-27T14:50:00,2024-01-27T17:48:00,2024-01-27T15:38:00,2024-01-27T18:46:00,214,767-300ER,Mainline,27,36,23
UA,1379,2024-01-27,ORD,PIT,2024-01-27T07:45:00,2024-01-27T13:06:00,2024-01-27T09:38:00,2024-01-27T15:04:00,50,ERJ-145,Express,30,36,31
UA,1380,2024-01-27,ORD,LGB,2024-01-27T21:20:00,2024-01-27T22:57:00,2024-01-27T21:20:00,2024-01-27T23:02:00,179,737-900ER,Mainline,86,76,21
UA,1381,2024-01-27,ORD,DCA,2024-01-27T14:15:00,2024-01-27T16:04:00,2024-01-27T16:06:00,2024-01-27T17:58:00,50,CRJ-200,Express,64,61,36
UA,1382,2024-01-27,ORD,BCN,2024-01-27T06:45:00,2024-01-27T10:16:00,2024-01-27T08:23:00,2024-01-27T11:56:00,50,CRJ-550,Express,38,31,24
UA,1383,2024-01-27,ORD,LGB,2024-01-27T12:00:00,2024-01-27T16:45:00,2024-01-27T12:00:00,2024-01-27T16:44:00,176,757-200,Mainline,30,25,37
UA,1390,2024-01-28,ORD,SFO,2024-01-28T22:05:00,2024-01-29T00:15:00,2024-01-28T22:05:00,2024-01-29T00:14:00,179,737-MAX9,Mainline,33,46,27
UA,1391,2024-01-28,ORD,STL,2024-01-28T07:00:00,2024-01-28T08:31:00,2024-01-28T07:00:00,2024-01-28T08:30:00,234,757-300,Mainline,49,44,26
UA,1392,2024-01-28,ORD,MRY,2024-01-28T11:05:00,2024-01-28T14:19:00,2024-01-28T11:05:00,2024-01-28T14:22:00,234,757-300,Mainline,58,61,39
UA,1393,2024-01-28,ORD,NRT,2024-01-28T21:50:00,2024-01-29T03:21:00,2024-01-28T21:50:00,2024-01-29T03:26:00,179,737-MAX9,Mainline,85,88,23
UA,1394,2024-01-28,ORD,CMH,2024-01-28T10:40:00,2024-01-28T13:11:00,2024-01-28T10:40:00,2024-01-28T13:09:00,50,ERJ-145,Express,66,69,34
UA,1395,2024-01-28,ORD,JFK,2024-01-28T21:50:00,2024-01-29T01:29:00,2024-01-28T21:50:00,2024-01-29T01:27:00,366,777-300ER,Mainline,29,19,29
UA,1396,2024-01-28,ORD,NRT,2024-01-28T17:30:00,2024-01-28T20:00:00,2024-01-28T18:10:00,2024-01-28T20:49:00,150,A320,Mainline,49,53,24
UA,1397,2024-01-28,ORD,PIT,2024-01-28T17:05:00,2024-01-28T18:43:00,2024-01-28T17:05:00,2024-01-28T18:38:00,166,737-800,Mainline,40,54,28
UA,1398,2024-01-28,ORD,SCL,2024-01-28T22:55:00,2024-01-29T03:50:00,2024-01-28T22:55:00,2024-01-29T03:49:00,176,757-200,Mainline,57,62,29
UA,1399,2024-01-28,ORD,ONT,2024-01-28T20:00:00,2024-01-28T22:00:00,2024-01-28T20:00:00,2024-01-28T22:04:00,366,777-300ER,Mainline,40,53,28
UA,1400,2024-01-28,ORD,GRU,2024-01-28T14:10:00,2024-01-28T19:23:00,2024-01-28T14:10:00,2024-01-28T19:25:00,366,777-300ER,Mainline,85,97,32
UA,1401,2024-01-28,ORD,MEL,2024-01-28T19:10:00,2024-01-28T23:22:00,2024-01-28T19:10:00,2024-01-28T23:23:00,76,ERJ-175,Express,43,58,22
UA,1402,2024-01-28,ORD,MRY,2024-01-28T16:35:00,2024-01-28T19:28:00,2024-01-28T16:35:00,2024-01-28T19:35:00,366,777-300ER,Mainline,39,35,33
UA,1403,2024-01-28,ORD,BRU,2024-01-28T13:05:00,2024-01-28T18:58:00,2024-01-28T13:05:00,2024-01-28T18:56:00,128,A319,Mainline,77,76,23
UA,1404,2024-01-28,ORD,MEL,2024-01-28T06:45:00,2024-01-28T11:34:00,2024-01-28T07:04:00,2024-01-28T11:55:00,318,787-10,Mainline,55,50,29
UA,1405,2024-01-28,ORD,NRT,2024-01-28T21:40:00,2024-01-29T03:08:00,2024-01-28T23:20:00,2024-01-29T04:44:00,50,ERJ-145,Express,31,36,34
UA,1406,2024-01-28,ORD,PSP,2024-01-28T10:00:00,2024-01-28T12:00:00,2024-01-28T10:00:00,2024-01-28T11:59:00,179,737-MAX9,Mainline,76,72,20
UA,1407,2024-01-28,ORD,IST,2024-01-28T12:35:00,2024-01-28T14:33:00,2024-01-28T12:35:00,2024-01-28T14:31:00,234,787-8,Mainline,28,24,45
UA,1408,2024-01-28,ORD,MEL,2024-01-28T17:45:00,2024-01-28T21:08:00,2024-01-28T17:45:00,2024-01-28T21:11:00,166,737-800,Mainline,63,59,29
UA,1409,2024-01-28,ORD,DEL,2024-01-28T08:40:00,2024-01-28T11:07:00,2024-01-28T10:40:00,2024-01-28T13:06:00,65,CRJ-700,Express,83,87,40
UA,1410,2024-01-28,ORD,LIM,2024-01-28T14:10:00,2024-01-28T18:19:00,2024-01-28T14:10:00,2024-01-28T18:25:00,179,737-MAX9,Mainline,28,36,27
UA,1420,2024-01-29,ORD,JNB,2024-01-29T13:30:00,2024-01-29T16:57:00,2024-01-29T14:48:00,2024-01-29T18:11:00,276,777-200ER,Mainline,51,47,41
UA,1421,2024-01-29,ORD,IST,2024-01-29T13:20:00,2024-01-29T14:56:00,2024-01-29T13:54:00,2024-01-29T15:39:00,50,ERJ-145,Express,42,45,42
UA,1422,2024-01-29,ORD,EWR,2024-01-29T19:45:00,2024-01-30T01:27:00,2024-01-29T20:24:00,2024-01-30T02:15:00,276,777-200ER,Mainline,37,30,37
UA,1423,2024-01-29,ORD,ONT,2024-01-29T18:45:00,2024-01-30T00:22:00,2024-01-29T18:45:00,2024-01-30T00:29:00,179,737-900ER,Mainline,62,54,36
UA,1424,2024-01-29,ORD,CMH,2024-01-29T22:50:00,2024-01-30T01:17:00,2024-01-29T22:50:00,2024-01-30T01:19:00,128,A319,Mainline,71,76,20
UA,1425,2024-01-29,ORD,DUB,2024-01-29T21:20:00,2024-01-30T01:43:00,2024-01-29T21:20:00,2024-01-30T01:49:00,176,757-200,Mainline,26,24,24
UA,1426,2024-01-29,ORD,BOG,2024-01-29T22:00:00,2024-01-30T02:34:00,2024-01-29T22:00:00,2024-01-30T02:44:00,176,757-200,Mainline,84,83,45
UA,1427,2024-01-29,ORD,ONT,2024-01-29T07:55:00,2024-01-29T13:07:00,2024-01-29T07:55:00,2024-01-29T13:16:00,50,ERJ-145,Express,57,54,20
UA,1428,2024-01-29,ORD,BRU,2024-01-29T16:40:00,2024-01-29T20:05:00,2024-01-29T16:40:00,2024-01-29T20:13:00,214,767-300ER,Mainline,25,15,30
UA,1429,2024-01-29,ORD,SJC,2024-01-29T14:20:00,2024-01-29T18:01:00,2024-01-29T15:20:00,2024-01-29T19:11:00,65,CRJ-700,Express,79,86,31
UA,1430,2024-01-29,ORD,RDU,2024-01-29T10:05:00,2024-01-29T13:44:00,2024-01-29T10:05:00,2024-01-29T13:46:00,214,767-300ER,Mainline,29,39,40
UA,1431,2024-01-29,ORD,HKG,2024-01-29T21:40:00,2024-01-30T02:26:00,2024-01-29T21:40:00,2024-01-30T02:34:00,166,737-800,Mainline,83,98,20
UA,1432,2024-01-29,ORD,BNA,2024-01-29T07:50:00,2024-01-29T10:06:00,2024-01-29T07:50:00,2024-01-29T10:05:00,234,787-8,Mainline,47,53,28
UA,1433,2024-01-29,ORD,EWR,2024-01-29T06:55:00,2024-01-29T09:33:00,2024-01-29T07:59:00,2024-01-29T10:38:00,318,787-10,Mainline,38,32,26
UA,1434,2024-01-29,ORD,CDG,2024-01-29T20:00:00,2024-01-29T21:35:00,2024-01-29T20:00:00,2024-01-29T21:41:00,179,737-900ER,Mainline,64,67,39
UA,1435,2024-01-29,ORD,MKE,2024-01-29T13:55:00,2024-01-29T16:15:00,2024-01-29T15:08:00,2024-01-29T17:27:00,176,757-200,Mainline,81,77,20
UA,1436,2024-01-29,ORD,GRU,2024-01-29T12:50:00,2024-01-29T15:25:00,2024-01-29T12:50:00,2024-01-29T15:35:00,318,787-10,Mainline,61,59,41
UA,1437,2024-01-29,ORD,SAN,2024-01-29T09:10:00,2024-01-29T11:28:00,2024-01-29T10:33:00,2024-01-29T12:51:00,65,CRJ-700,Express,49,64,44
UA,1438,2024-01-29,ORD,SNA,2024-01-29T05:55:00,2024-01-29T07:35:00,2024-01-29T07:04:00,2024-01-29T08:43:00,318,787-10,Mainline,43,54,43
UA,1439,2024-01-29,ORD,SLC,2024-01-29T19:50:00,2024-01-29T21:28:00,2024-01-29T21:01:00,2024-01-29T22:46:00,366,777-300ER,Mainline,64,70,34
UA,1450,2024-01-30,ORD,MCO,2024-01-30T15:35:00,2024-01-30T21:08:00,2024-01-30T15:35:00,2024-01-30T21:16:00,50,ERJ-145,Express,84,92,23
UA,1451,2024-01-30,ORD,BCN,2024-01-30T06:35:00,2024-01-30T09:50:00,2024-01-30T07:24:00,2024-01-30T10:36:00,366,777-300ER,Mainline,46,44,30
UA,1452,2024-01-30,ORD,LGB,2024-01-30T09:50:00,2024-01-30T13:05:00,2024-01-30T09:50:00,2024-01-30T13:13:00,150,A320,Mainline,64,70,37
UA,1453,2024-01-30,ORD,MSP,2024-01-30T12:00:00,2024-01-30T15:47:00,2024-01-30T12:00:00,2024-01-30T15:44:00,65,CRJ-700,Express,59,54,40
UA,1454,2024-01-30,ORD,DEL,2024-01-30T19:10:00,2024-01-30T21:43:00,2024-01-30T19:10:00,2024-01-30T21:50:00,318,787-10,Mainline,61,76,28
UA,1455,2024-01-30,ORD,BOM,2024-01-30T15:45:00,2024-01-30T17:24:00,2024-01-30T16:45:00,2024-01-30T18:24:00,179,737-900ER,Mainline,39,48,36
UA,1456,2024-01-30,ORD,IAH,2024-01-30T21:40:00,2024-01-31T02:04:00,2024-01-30T21:40:00,2024-01-31T02:10:00,76,ERJ-175,Express,62,63,42
UA,1457,2024-01-30,ORD,DUB,2024-01-30T07:55:00,2024-01-30T12:14:00,2024-01-30T08:17:00,2024-01-30T12:38:00,234,757-300,Mainline,47,56,22
UA,1458,2024-01-30,ORD,DTW,2024-01-30T09:35:00,2024-01-30T12:34:00,2024-01-30T09:35:00,2024-01-30T12:37:00,252,787-9,Mainline,53,61,28
UA,1459,2024-01-30,ORD,ZUR,2024-01-30T18:40:00,2024-01-30T20:43:00,2024-01-30T18:40:00,2024-01-30T20:48:00,65,CRJ-700,Express,46,41,44
UA,1460,2024-01-30,ORD,DFW,2024-01-30T14:30:00,2024-01-30T16:32:00,2024-01-30T16:25:00,2024-01-30T18:22:00,252,787-9,Mainline,75,84,34
UA,1461,2024-01-30,ORD,MCI,2024-01-30T14:45:00,2024-01-30T16:24:00,2024-01-30T16:25:00,2024-01-30T18:02:00,50,CRJ-550,Express,78,83,23
UA,1462,2024-01-30,ORD,HKG,2024-01-30T10:00:00,2024-01-30T15:04:00,2024-01-30T10:00:00,2024-01-30T15:01:00,50,CRJ-550,Express,85,90,40
UA,1463,2024-01-30,ORD,CPH,2024-01-30T19:25:00,2024-01-30T21:40:00,2024-01-30T19:25:00,2024-01-30T21:47:00,65,CRJ-700,Express,47,51,43
UA,1464,2024-01-30,ORD,SIN,2024-01-30T19:50:00,2024-01-30T21:42:00,2024-01-30T20:39:00,2024-01-30T22:38:00,234,787-8,Mainline,80,83,29
UA,1465,2024-01-30,ORD,PDX,2024-01-30T10:15:00,2024-01-30T15:23:00,2024-01-30T11:53:00,2024-01-30T17:11:00,128,A319,Mainline,67,79,24
UA,1466,2024-01-30,ORD,SNA,2024-01-30T21:45:00,2024-01-31T01:01:00,2024-01-30T22:28:00,2024-01-31T01:43:00,214,767-300ER,Mainline,34,40,31
UA,1467,2024-01-30,ORD,PHL,2024-01-30T19:50:00,2024-01-31T00:23:00,2024-01-30T21:08:00,2024-01-31T01:43:00,179,737-900ER,Mainline,44,34,42
UA,1468,2024-01-30,ORD,PHX,2024-01-30T09:10:00,2024-01-30T12:28:00,2024-01-30T09:44:00,2024-01-30T13:05:00,252,787-9,Mainline,88,92,21
UA,1469,2024-01-30,ORD,SNA,2024-01-30T14:45:00,2024-01-30T20:01:00,2024-01-30T16:06:00,2024-01-30T21:19:00,176,757-200,Mainline,45,43,29
UA,1470,2024-01-30,ORD,BOM,2024-01-30T07:10:00,2024-01-30T10:44:00,2024-01-30T07:42:00,2024-01-30T11:21:00,50,ERJ-145,Express,72,69,26
UA,1471,2024-01-30,ORD,DEN,2024-01-30T08:45:00,2024-01-30T14:38:00,2024-01-30T10:45:00,2024-01-30T16:44:00,50,CRJ-550,Express,31,42,45
UA,1472,2024-01-30,ORD,HKG,2024-01-30T20:50:00,2024-01-30T23:11:00,2024-01-30T22:35:00,2024-01-31T01:06:00,176,757-200,Mainline,90,103,31
UA,1480,2024-01-31,ORD,OSL,2024-01-31T10:05:00,2024-01-31T13:35:00,2024-01-31T11:25:00,2024-01-31T15:02:00,50,ERJ-145,Express,34,29,22
UA,1481,2024-01-31,ORD,EZE,2024-01-31T08:40:00,2024-01-31T11:45:00,2024-01-31T08:40:00,2024-01-31T11:51:00,128,A319,Mainline,86,100,39
UA,1482,2024-01-31,ORD,ATL,2024-01-31T19:45:00,2024-02-01T01:13:00,2024-01-31T21:10:00,2024-02-01T02:46:00,128,A319,Mainline,75,84,45
UA,1483,2024-01-31,ORD,CMH,2024-01-31T09:00:00,2024-01-31T14:41:00,2024-01-31T09:00:00,2024-01-31T14:47:00,150,A320,Mainline,30,32,36
UA,1484,2024-01-31,ORD,ARN,2024-01-31T12:35:00,2024-01-31T15:38:00,2024-01-31T12:35:00,2024-01-31T15:48:00,76,ERJ-175,Express,75,89,33
UA,1485,2024-01-31,ORD,PVG,2024-01-31T07:20:00,2024-01-31T10:29:00,2024-01-31T07:20:00,2024-01-31T10:35:00,150,A320,Mainline,63,55,31
UA,1486,2024-01-31,ORD,MCO,2024-01-31T21:40:00,2024-02-01T00:08:00,2024-01-31T22:56:00,2024-02-01T01:23:00,166,737-800,Mainline,31,42,21
UA,1487,2024-01-31,ORD,DXB,2024-01-31T12:05:00,2024-01-31T17:23:00,2024-01-31T12:05:00,2024-01-31T17:21:00,214,767-300ER,Mainline,79,83,40
UA,1488,2024-01-31,ORD,CPH,2024-01-31T22:20:00,2024-02-01T01:47:00,2024-01-31T23:23:00,2024-02-01T02:49:00,179,737-900ER,Mainline,83,94,44
UA,1489,2024-01-31,ORD,EZE,2024-01-31T06:10:00,2024-01-31T08:02:00,2024-01-31T06:51:00,2024-01-31T08:48:00,276,777-200ER,Mainline,39,34,20
UA,1490,2024-01-31,ORD,MCO,2024-01-31T13:30:00,2024-01-31T18:53:00,2024-01-31T14:03:00,2024-01-31T19:34:00,366,777-300ER,Mainline,36,39,25
UA,1491,2024-01-31,ORD,FAT,2024-01-31T21:40:00,2024-01-31T23:25:00,2024-01-31T23:18:00,2024-02-01T01:03:00,50,ERJ-145,Express,78,79,43
UA,1492,2024-01-31,ORD,BOG,2024-01-31T12:35:00,2024-01-31T14:58:00,2024-01-31T12:35:00,2024-01-31T15:01:00,179,737-900ER,Mainline,84,89,44
UA,1493,2024-01-31,ORD,MRY,2024-01-31T18:25:00,2024-01-31T20:23:00,2024-01-31T19:38:00,2024-01-31T21:33:00,366,777-300ER,Mainline,46,41,20
UA,1494,2024-01-31,ORD,SYD,2024-01-31T11:30:00,2024-01-31T14:00:00,2024-01-31T13:14:00,2024-01-31T15:43:00,234,757-300,Mainline,71,85,32
UA,1495,2024-01-31,ORD,BOM,2024-01-31T13:30:00,2024-01-31T18:18:00,2024-01-31T13:30:00,2024-01-31T18:25:00,214,767-300ER,Mainline,36,27,44
UA,1496,2024-01-31,ORD,LIM,2024-01-31T15:15:00,2024-01-31T19:36:00,2024-01-31T15:15:00,2024-01-31T19:45:00,276,777-200ER,Mainline,80,86,23
UA,1497,2024-01-31,ORD,SFO,2024-01-31T21:40:00,2024-02-01T02:35:00,2024-01-31T21:40:00,2024-02-01T02:32:00,50,CRJ-550,Express,50,58,35
UA,1498,2024-01-31,ORD,FLL,2024-01-31T17:10:00,2024-01-31T19:47:00,2024-01-31T18:28:00,2024-01-31T21:00:00,214,767-300ER,Mainline,58,52,35
UA,1510,2024-02-01,ORD,IAH,2024-02-01T16:55:00,2024-02-01T18:56:00,2024-02-01T16:55:00,2024-02-01T18:56:00,318,787-10,Mainline,79,69,41
UA,1511,2024-02-01,ORD,NRT,2024-02-01T18:30:00,2024-02-01T22:01:00,2024-02-01T18:30:00,2024-02-01T21:59:00,366,777-300ER,Mainline,82,73,34
UA,1512,2024-02-01,ORD,RDU,2024-02-01T19:10:00,2024-02-01T23:51:00,2024-02-01T19:10:00,2024-02-01T23:54:00,176,757-200,Mainline,83,81,34
UA,1513,2024-02-01,ORD,DOH,2024-02-01T08:40:00,2024-02-01T14:27:00,2024-02-01T08:40:00,2024-02-01T14:31:00,166,737-800,Mainline,66,60,37
UA,1514,2024-02-01,ORD,BWI,2024-02-01T13:05:00,2024-02-01T17:58:00,2024-02-01T13:41:00,2024-02-01T18:30:00,50,ERJ-145,Express,61,71,40
UA,1515,2024-02-01,ORD,NBO,2024-02-01T18:00:00,2024-02-01T23:12:00,2024-02-01T18:00:00,2024-02-01T23:14:00,318,787-10,Mainline,85,76,27
UA,1516,2024-02-01,ORD,CDG,2024-02-01T09:45:00,2024-02-01T12:33:00,2024-02-01T10:08:00,2024-02-01T12:53:00,65,CRJ-700,Express,32,34,36
UA,1517,2024-02-01,ORD,GRU,2024-02-01T05:40:00,2024-02-01T07:39:00,2024-02-01T05:40:00,2024-02-01T07:36:00,176,757-200,Mainline,63,57,27
UA,1518,2024-02-01,ORD,JNB,2024-02-01T22:30:00,2024-02-02T01:14:00,2024-02-01T23:12:00,2024-02-02T02:03:00,150,A320,Mainline,59,51,26
UA,1519,2024-02-01,ORD,HEL,2024-02-01T08:35:00,2024-02-01T11:52:00,2024-02-01T09:28:00,2024-02-01T12:45:00,179,737-900ER,Mainline,83,80,26
UA,1520,2024-02-01,ORD,PDX,2024-02-01T20:25:00,2024-02-01T23:22:00,2024-02-01T21:58:00,2024-02-02T01:02:00,50,ERJ-145,Express,89,82,29
UA,1521,2024-02-01,ORD,PHX,2024-02-01T20:30:00,2024-02-02T01:07:00,2024-02-01T22:02:00,2024-02-02T02:49:00,50,CRJ-200,Express,49,39,32
UA,1522,2024-02-01,ORD,ARN,2024-02-01T07:55:00,2024-02-01T09:54:00,2024-02-01T07:55:00,2024-02-01T09:54:00,179,737-MAX9,Mainline,65,64,31
UA,1523,2024-02-01,ORD,MCO,2024-02-01T14:30:00,2024-02-01T17:37:00,2024-02-01T15:22:00,2024-02-01T18:34:00,50,ERJ-145,Express,39,35,30
UA,1524,2024-02-01,ORD,SYD,2024-02-01T16:35:00,2024-02-01T20:43:00,2024-02-01T16:35:00,2024-02-01T20:45:00,276,777-200ER,Mainline,87,99,21
UA,1525,2024-02-01,ORD,FLL,2024-02-01T11:50:00,2024-02-01T17:38:00,2024-02-01T11:50:00,2024-02-01T17:42:00,70,ERJ-170,Express,53,45,31
UA,1526,2024-02-01,ORD,BUR,2024-02-01T09:00:00,2024-02-01T12:02:00,2024-02-01T09:00:00,2024-02-01T12:11:00,176,757-200,Mainline,54,59,45
UA,1527,2024-02-01,ORD,VIE,2024-02-01T18:30:00,2024-02-01T23:32:00,2024-02-01T18:30:00,2024-02-01T23:40:00,50,CRJ-200,Express,53,48,24
UA,1528,2024-02-01,ORD,PVG,2024-02-01T08:40:00,2024-02-01T14:39:00,2024-02-01T09:23:00,2024-02-01T15:27:00,214,767-300ER,Mainline,51,41,23
UA,1529,2024-02-01,ORD,LHR,2024-02-01T15:40:00,2024-02-01T19:40:00,2024-02-01T15:40:00,2024-02-01T19:49:00,50,CRJ-200,Express,62,55,20
UA,1530,2024-02-01,ORD,IND,2024-02-01T08:35:00,2024-02-01T13:03:00,2024-02-01T08:35:00,2024-02-01T13:03:00,70,ERJ-170,Express,29,37,33
UA,1531,2024-02-01,ORD,SCL,2024-02-01T14:20:00,2024-02-01T17:22:00,2024-02-01T14:20:00,2024-02-01T17:25:00,214,767-300ER,Mainline,57,49,38
UA,1540,2024-02-02,ORD,IAD,2024-02-02T05:35:00,2024-02-02T11:16:00,2024-02-02T05:35:00,2024-02-02T11:24:00,234,787-8,Mainline,65,70,42
UA,1541,2024-02-02,ORD,AMS,2024-02-02T08:00:00,2024-02-02T11:33:00,2024-02-02T08:00:00,2024-02-02T11:34:00,366,777-300ER,Mainline,78,82,30
UA,1542,2024-02-02,ORD,OSL,2024-02-02T14:00:00,2024-02-02T16:18:00,2024-02-02T14:00:00,2024-02-02T16:21:00,234,757-300,Mainline,77,83,41
UA,1543,2024-02-02,ORD,HEL,2024-02-02T08:10:00,2024-02-02T10:17:00,2024-02-02T08:10:00,2024-02-02T10:13:00,50,CRJ-200,Express,48,50,45
UA,1544,2024-02-02,ORD,AKL,2024-02-02T22:50:00,2024-02-03T03:23:00,2024-02-03T00:23:00,2024-02-03T05:03:00,76,ERJ-175,Express,75,81,35
UA,1545,2024-02-02,ORD,BCN,2024-02-02T19:20:00,2024-02-03T00:43:00,2024-02-02T20:42:00,2024-02-03T02:04:00,179,737-900ER,Mainline,54,66,26
UA,1546,2024-02-02,ORD,CAI,2024-02-02T11:00:00,2024-02-02T13:31:00,2024-02-02T11:00:00,2024-02-02T13:28:00,166,737-800,Mainline,32,34,38
UA,1547,2024-02-02,ORD,ICN,2024-02-02T11:25:00,2024-02-02T17:02:00,2024-02-02T12:09:00,2024-02-02T17:54:00,366,777-300ER,Mainline,62,68,25
UA,1548,2024-02-02,ORD,BOG,2024-02-02T13:45:00,2024-02-02T15:58:00,2024-02-02T13:45:00,2024-02-02T15:55:00,70,ERJ-170,Express,27,42,33
UA,1549,2024-02-02,ORD,MCO,2024-02-02T22:05:00,2024-02-03T03:17:00,2024-02-02T22:05:00,2024-02-03T03:20:00,150,A320,Mainline,69,84,20
UA,1550,2024-02-02,ORD,DXB,2024-02-02T08:35:00,2024-02-02T11:18:00,2024-02-02T08:35:00,2024-02-02T11:22:00,366,777-300ER,Mainline,37,44,20
UA,1551,2024-02-02,ORD,MSP,2024-02-02T12:00:00,2024-02-02T14:10:00,2024-02-02T12:29:00,2024-02-02T14:36:00,50,CRJ-200,Express,83,80,22
UA,1552,2024-02-02,ORD,DCA,2024-02-02T12:55:00,2024-02-02T15:52:00,2024-02-02T12:55:00,2024-02-02T16:02:00,234,787-8,Mainline,55,49,24
UA,1553,2024-02-02,ORD,ICN,2024-02-02T14:25:00,2024-02-02T18:13:00,2024-02-02T14:25:00,2024-02-02T18:18:00,366,777-300ER,Mainline,80,74,42
UA,1554,2024-02-02,ORD,MKE,2024-02-02T10:15:00,2024-02-02T15:15:00,2024-02-02T11:50:00,2024-02-02T16:52:00,50,CRJ-550,Express,66,67,32
UA,1555,2024-02-02,ORD,IND,2024-02-02T19:15:00,2024-02-02T23:56:00,2024-02-02T20:10:00,2024-02-03T00:56:00,179,737-900ER,Mainline,84,85,40
UA,1556,2024-02-02,ORD,SJC,2024-02-02T18:00:00,2024-02-02T20:19:00,2024-02-02T18:23:00,2024-02-02T20:41:00,70,ERJ-170,Express,34,44,37
UA,1557,2024-02-02,ORD,PIT,2024-02-02T10:15:00,2024-02-02T13:22:00,2024-02-02T10:15:00,2024-02-02T13:21:00,50,ERJ-145,Express,31,37,31
UA,1558,2024-02-02,ORD,PDX,2024-02-02T12:00:00,2024-02-02T17:49:00,2024-02-02T12:00:00,2024-02-02T17:50:00,179,737-900ER,Mainline,73,64,37
UA,1559,2024-02-02,ORD,YYZ,2024-02-02T15:25:00,2024-02-02T21:01:00,2024-02-02T15:25:00,2024-02-02T21:03:00,128,A319,Mainline,59,69,21
UA,1560,2024-02-02,ORD,LIM,2024-02-02T13:30:00,2024-02-02T18:36:00,2024-02-02T14:58:00,2024-02-02T20:03:00,65,CRJ-700,Express,70,83,42
UA,1570,2024-02-03,ORD,CDG,2024-02-03T07:35:00,2024-02-03T12:09:00,2024-02-03T07:35:00,2024-02-03T12:12:00,176,757-200,Mainline,37,36,33
UA,1571,2024-02-03,ORD,PHL,2024-02-03T11:20:00,2024-02-03T15:40:00,2024-02-03T11:20:00,2024-02-03T15:50:00,214,767-300ER,Mainline,78,77,31
UA,1572,2024-02-03,ORD,LIM,2024-02-03T22:45:00,2024-02-04T04:44:00,2024-02-03T23:09:00,2024-02-04T05:12:00,252,787-9,Mainline,55,56,38
UA,1573,2024-02-03,ORD,FAT,2024-02-03T09:35:00,2024-02-03T13:16:00,2024-02-03T09:35:00,2024-02-03T13:21:00,214,767-300ER,Mainline,72,82,22
UA,1574,2024-02-03,ORD,NRT,2024-02-03T20:35:00,2024-02-03T22:46:00,2024-02-03T21:09:00,2024-02-03T23:23:00,50,CRJ-200,Express,64,59,25
UA,1575,2024-02-03,ORD,MEL,2024-02-03T21:35:00,2024-02-03T23:58:00,2024-02-03T21:35:00,2024-02-03T23:54:00,70,ERJ-170,Express,47,48,31
UA,1576,2024-02-03,ORD,CMH,2024-02-03T10:50:00,2024-02-03T15:57:00,2024-02-03T12:10:00,2024-02-03T17:21:00,234,787-8,Mainline,58,66,40
UA,1577,2024-02-03,ORD,CLT,2024-02-03T17:10:00,2024-02-03T20:10:00,2024-02-03T17:37:00,2024-02-03T20:46:00,179,737-MAX9,Mainline,53,53,23
UA,1578,2024-02-03,ORD,OAK,2024-02-03T06:15:00,2024-02-03T11:02:00,2024-02-03T06:15:00,2024-02-03T10:57:00,366,777-300ER,Mainline,86,77,32
UA,1579,2024-02-03,ORD,DFW,2024-02-03T15:30:00,2024-02-03T19:39:00,2024-02-03T15:30:00,2024-02-03T19:46:00,366,777-300ER,Mainline,87,102,40
UA,1580,2024-02-03,ORD,DXB,2024-02-03T08:15:00,2024-02-03T13:01:00,2024-02-03T08:15:00,2024-02-03T13:05:00,252,787-9,Mainline,43,52,30
UA,1581,2024-02-03,ORD,SFO,2024-02-03T13:10:00,2024-02-03T14:49:00,2024-02-03T14:35:00,2024-02-03T16:18:00,166,737-800,Mainline,42,38,37
UA,1582,2024-02-03,ORD,SJC,2024-02-03T09:30:00,2024-02-03T11:13:00,2024-02-03T09:30:00,2024-02-03T11:17:00,234,757-300,Mainline,42,53,44
UA,1583,2024-02-03,ORD,OAK,2024-02-03T13:35:00,2024-02-03T16:47:00,2024-02-03T13:50:00,2024-02-03T16:57:00,65,CRJ-700,Express,35,39,30
UA,1584,2024-02-03,ORD,IST,2024-02-03T22:25:00,2024-02-04T02:59:00,2024-02-04T00:11:00,2024-02-04T04:46:00,234,787-8,Mainline,71,66,44
UA,1585,2024-02-03,ORD,AUS,2024-02-03T11:25:00,2024-02-03T16:12:00,2024-02-03T12:49:00,2024-02-03T17:33:00,179,737-MAX9,Mainline,78,90,24
UA,1586,2024-02-03,ORD,MRY,2024-02-03T07:25:00,2024-02-03T11:25:00,2024-02-03T07:25:00,2024-02-03T11:33:00,318,787-10,Mainline,26,35,37
UA,1587,2024-02-03,ORD,PVG,2024-02-03T21:05:00,2024-02-04T02:05:00,2024-02-03T21:05:00,2024-02-04T02:05:00,214,767-300ER,Mainline,64,55,25
UA,1588,2024-02-03,ORD,SLC,2024-02-03T07:25:00,2024-02-03T10:29:00,2024-02-03T07:25:00,2024-02-03T10:28:00,50,ERJ-145,Express,55,49,26
UA,1600,2024-02-04,ORD,DOH,2024-02-04T20:25:00,2024-02-05T02:08:00,2024-02-04T20:25:00,2024-02-05T02:08:00,214,767-300ER,Mainline,29,38,22
UA,1601,2024-02-04,ORD,SEA,2024-02-04T11:55:00,2024-02-04T17:22:00,2024-02-04T11:55:00,2024-02-04T17:24:00,128,A319,Mainline,67,69,26
UA,1602,2024-02-04,ORD,JNB,2024-02-04T11:50:00,2024-02-04T17:20:00,2024-02-04T11:50:00,2024-02-04T17:20:00,366,777-300ER,Mainline,41,50,30
UA,1603,2024-02-04,ORD,MCO,2024-02-04T11:45:00,2024-02-04T14:22:00,2024-02-04T11:45:00,2024-02-04T14:26:00,65,CRJ-700,Express,74,64,31
UA,1604,2024-02-04,ORD,DEL,2024-02-04T09:00:00,2024-02-04T12:47:00,2024-02-04T09:00:00,2024-02-04T12:57:00,76,ERJ-175,Express,32,39,24
UA,1605,2024-02-04,ORD,STL,2024-02-04T22:15:00,2024-02-05T03:11:00,2024-02-04T23:00:00,2024-02-05T04:02:00,50,CRJ-550,Express,67,76,40
UA,1606,2024-02-04,ORD,JNB,2024-02-04T22:55:00,2024-02-05T01:47:00,2024-02-04T22:55:00,2024-02-05T01:48:00,76,ERJ-175,Express,43,34,24
UA,1607,2024-02-04,ORD,VIE,2024-02-04T18:55:00,2024-02-04T20:56:00,2024-02-04T18:55:00,2024-02-04T20:52:00,179,737-MAX9,Mainline,73,72,23
UA,1608,2024-02-04,ORD,YYZ,2024-02-04T12:55:00,2024-02-04T18:19:00,2024-02-04T13:31:00,2024-02-04T19:05:00,179,737-900ER,Mainline,90,105,21
UA,1609,2024-02-04,ORD,CAI,2024-02-04T17:55:00,2024-02-04T23:50:00,2024-02-04T19:10:00,2024-02-05T01:12:00,50,CRJ-200,Express,51,48,32
UA,1610,2024-02-04,ORD,CMH,2024-02-04T22:20:00,2024-02-05T01:03:00,2024-02-04T22:20:00,2024-02-05T01:13:00,234,757-300,Mainline,55,58,38
UA,1611,2024-02-04,ORD,CLT,2024-02-04T20:00:00,2024-02-04T21:54:00,2024-02-04T20:05:00,2024-02-04T22:01:00,150,A320,Mainline,69,70,24
UA,1612,2024-02-04,ORD,AUS,2024-02-04T14:55:00,2024-02-04T18:47:00,2024-02-04T15:01:00,2024-02-04T18:56:00,318,787-10,Mainline,40,50,34
UA,1613,2024-02-04,ORD,JFK,2024-02-04T21:55:00,2024-02-05T02:52:00,2024-02-04T22:18:00,2024-02-05T03:23:00,50,CRJ-200,Express,84,76,39
UA,1614,2024-02-04,ORD,AKL,2024-02-04T14:35:00,2024-02-04T16:24:00,2024-02-04T15:08:00,2024-02-04T16:58:00,176,757-200,Mainline,55,46,23
UA,1615,2024-02-04,ORD,FAT,2024-02-04T13:00:00,2024-02-04T18:19:00,2024-02-04T14:58:00,2024-02-04T20:13:00,179,737-900ER,Mainline,49,39,20
UA,1616,2024-02-04,ORD,RDU,2024-02-04T16:45:00,2024-02-04T20:53:00,2024-02-04T16:54:00,2024-02-04T21:02:00,150,A320,Mainline,55,60,23
UA,1617,2024-02-04,ORD,BNA,2024-02-04T20:50:00,2024-02-05T01:38:00,2024-02-04T20:50:00,2024-02-05T01:47:00,150,A320,Mainline,40,45,39
UA,1618,2024-02-04,ORD,FLL,2024-02-04T17:30:00,2024-02-04T21:51:00,2024-02-04T19:02:00,2024-02-04T23:19:00,366,777-300ER,Mainline,61,64,40
UA,1619,2024-02-04,ORD,SCL,2024-02-04T12:20:00,2024-02-04T16:23:00,2024-02-04T12:20:00,2024-02-04T16:31:00,318,787-10,Mainline,32,36,22
UA,1620,2024-02-04,ORD,SFO,2024-02-04T05:15:00,2024-02-04T08:47:00,2024-02-04T06:40:00,2024-02-04T10:07:00,150,A320,Mainline,58,69,43
UA,1621,2024-02-04,ORD,MEL,2024-02-04T06:40:00,2024-02-04T11:46:00,2024-02-04T06:40:00,2024-02-04T11:53:00,214,767-300ER,Mainline,30,29,41
UA,1622,2024-02-04,ORD,CLT,2024-02-04T11:05:00,2024-02-04T13:14:00,2024-02-04T11:05:00,2024-02-04T13:12:00,252,787-9,Mainline,49,57,36
UA,1623,2024-02-04,ORD,NRT,2024-02-04T06:40:00,2024-02-04T10:03:00,2024-02-04T07:46:00,2024-02-04T11:09:00,179,737-MAX9,Mainline,83,95,41
UA,1630,2024-02-05,ORD,AUS,2024-02-05T13:25:00,2024-02-05T15:11:00,2024-02-05T15:09:00,2024-02-05T16:57:00,76,ERJ-175,Express,50,64,27
UA,1631,2024-02-05,ORD,FAT,2024-02-05T13:40:00,2024-02-05T17:15:00,2024-02-05T14:40:00,2024-02-05T18:17:00,179,737-MAX9,Mainline,37,39,42
UA,1632,2024-02-05,ORD,DTW,2024-02-05T16:20:00,2024-02-05T21:47:00,2024-02-05T16:20:00,2024-02-05T21:52:00,50,ERJ-145,Express,58,50,27
UA,1633,2024-02-05,ORD,FRA,2024-02-05T19:15:00,2024-02-05T23:22:00,2024-02-05T19:15:00,2024-02-05T23:19:00,50,CRJ-550,Express,45,59,37
UA,1634,2024-02-05,ORD,AMS,2024-02-05T18:05:00,2024-02-05T21:51:00,2024-02-05T18:05:00,2024-02-05T21:48:00,76,ERJ-175,Express,45,55,32
UA,1635,2024-02-05,ORD,AUS,2024-02-05T21:50:00,2024-02-06T01:23:00,2024-02-05T23:21:00,2024-02-06T02:52:00,234,757-300,Mainline,55,46,44
UA,1636,2024-02-05,ORD,SMF,2024-02-05T17:30:00,2024-02-05T20:51:00,2024-02-05T17:32:00,2024-02-05T20:53:00,214,767-300ER,Mainline,43,34,33
UA,1637,2024-02-05,ORD,DOH,2024-02-05T20:35:00,2024-02-06T01:34:00,2024-02-05T21:38:00,2024-02-06T02:43:00,176,757-200,Mainline,35,44,21
UA,1638,2024-02-05,ORD,BNA,2024-02-05T13:50:00,2024-02-05T17:04:00,2024-02-05T13:50:00,2024-02-05T17:03:00,128,A319,Mainline,32,46,22
UA,1639,2024-02-05,ORD,SLC,2024-02-05T11:35:00,2024-02-05T15:21:00,2024-02-05T11:35:00,2024-02-05T15:30:00,128,A319,Mainline,69,82,23
UA,1640,2024-02-05,ORD,AKL,2024-02-05T08:40:00,2024-02-05T11:05:00,2024-02-05T08:40:00,2024-02-05T11:12:00,318,787-10,Mainline,33,25,21
UA,1641,2024-02-05,ORD,DFW,2024-02-05T17:20:00,2024-02-05T21:04:00,2024-02-05T18:02:00,2024-02-05T21:43:00,252,787-9,Mainline,89,86,35
UA,1642,2024-02-05,ORD,DUB,2024-02-05T05:45:00,2024-02-05T10:37:00,2024-02-05T07:01:00,2024-02-05T11:54:00,50,CRJ-200,Express,65,79,24
UA,1643,2024-02-05,ORD,MRY,2024-02-05T06:10:00,2024-02-05T10:04:00,2024-02-05T06:10:00,2024-02-05T10:08:00,179,737-900ER,Mainline,52,50,44
UA,1644,2024-02-05,ORD,SCL,2024-02-05T21:25:00,2024-02-06T02:25:00,2024-02-05T21:25:00,2024-02-06T02:25:00,366,777-300ER,Mainline,38,46,31
UA,1645,2024-02-05,ORD,PDX,2024-02-05T21:15:00,2024-02-06T01:48:00,2024-02-05T21:58:00,2024-02-06T02:37:00,50,CRJ-550,Express,55,68,20
UA,1646,2024-02-05,ORD,BKK,2024-02-05T20:10:00,2024-02-06T00:14:00,2024-02-05T20:10:00,2024-02-06T00:14:00,176,757-200,Mainline,83,89,31
UA,1647,2024-02-05,ORD,MKE,2024-02-05T06:20:00,2024-02-05T09:12:00,2024-02-05T08:09:00,2024-02-05T11:01:00,50,CRJ-550,Express,49,52,40
UA,1648,2024-02-05,ORD,BOS,2024-02-05T06:30:00,2024-02-05T12:23:00,2024-02-05T07:25:00,2024-02-05T13:27:00,65,CRJ-700,Express,26,25,40
UA,1649,2024-02-05,ORD,STL,2024-02-05T07:20:00,2024-02-05T12:17:00,2024-02-05T08:23:00,2024-02-05T13:28:00,214,767-300ER,Mainline,35,28,32
UA,1650,2024-02-05,ORD,DEN,2024-02-05T12:00:00,2024-02-05T17:13:00,2024-02-05T12:00:00,2024-02-05T17:23:00,179,737-900ER,Mainline,41,56,28
UA,1651,2024-02-05,ORD,EWR,2024-02-05T22:20:00,2024-02-06T03:01:00,2024-02-05T22:20:00,2024-02-06T03:11:00,318,787-10,Mainline,77,69,25
UA,1660,2024-02-06,ORD,LAX,2024-02-06T15:25:00,2024-02-06T21:06:00,2024-02-06T15:25:00,2024-02-06T21:01:00,366,777-300ER,Mainline,67,64,36
UA,1661,2024-02-06,ORD,BCN,2024-02-06T10:35:00,2024-02-06T12:27:00,2024-02-06T11:53:00,2024-02-06T13:45:00,179,737-MAX9,Mainline,37,29,42
UA,1662,2024-02-06,ORD,JNB,2024-02-06T05:25:00,2024-02-06T11:15:00,2024-02-06T05:25:00,2024-02-06T11:19:00,234,787-8,Mainline,40,39,20
UA,1663,2024-02-06,ORD,SMF,2024-02-06T06:50:00,2024-02-06T09:21:00,2024-02-06T08:11:00,2024-02-06T10:52:00,166,737-800,Mainline,84,79,20
UA,1664,2024-02-06,ORD,RDU,2024-02-06T06:20:00,2024-02-06T10:35:00,2024-02-06T08:20:00,2024-02-06T12:40:00,234,787-8,Mainline,44,42,23
UA,1665,2024-02-06,ORD,BKK,2024-02-06T08:55:00,2024-02-06T13:04:00,2024-02-06T09:29:00,2024-02-06T13:36:00,50,ERJ-145,Express,42,53,39
UA,1666,2024-02-06,ORD,CMH,2024-02-06T19:15:00,2024-02-06T21:48:00,2024-02-06T20:45:00,2024-02-06T23:13:00,234,757-300,Mainline,37,44,42
UA,1667,2024-02-06,ORD,MCO,2024-02-06T12:50:00,2024-02-06T16:52:00,2024-02-06T12:50:00,2024-02-06T16:49:00,214,767-300ER,Mainline,49,54,37
UA,1668,2024-02-06,ORD,MSP,2024-02-06T21:40:00,2024-02-06T23:11:00,2024-02-06T23:33:00,2024-02-07T01:06:00,176,757-200,Mainline,53,53,26
UA,1669,2024-02-06,ORD,LGB,2024-02-06T22:25:00,2024-02-07T02:35:00,2024-02-06T22:25:00,2024-02-07T02:38:00,50,CRJ-200,Express,84,84,27
UA,1670,2024-02-06,ORD,PVG,2024-02-06T11:55:00,2024-02-06T16:26:00,2024-02-06T11:55:00,2024-02-06T16:26:00,214,767-300ER,Mainline,76,79,29
UA,1671,2024-02-06,ORD,FAT,2024-02-06T21:20:00,2024-02-06T23:27:00,2024-02-06T23:14:00,2024-02-07T01:26:00,179,737-900ER,Mainline,38,44,30
UA,1672,2024-02-06,ORD,CLE,2024-02-06T18:40:00,2024-02-06T22:52:00,2024-02-06T18:40:00,2024-02-06T22:48:00,234,787-8,Mainline,53,57,22
UA,1673,2024-02-06,ORD,MCO,2024-02-06T11:00:00,2024-02-06T16:34:00,2024-02-06T11:00:00,2024-02-06T16:40:00,50,CRJ-200,Express,58,49,22
UA,1674,2024-02-06,ORD,CLE,2024-02-06T22:25:00,2024-02-07T01:52:00,2024-02-06T23:41:00,2024-02-07T03:12:00,179,737-900ER,Mainline,80,74,24
UA,1675,2024-02-06,ORD,PHL,2024-02-06T07:20:00,2024-02-06T11:26:00,2024-02-06T08:54:00,2024-02-06T13:00:00,50,ERJ-145,Express,33,38,34
UA,1676,2024-02-06,ORD,MEL,2024-02-06T09:05:00,2024-02-06T13:42:00,2024-02-06T09:44:00,2024-02-06T14:24:00,366,777-300ER,Mainline,47,44,42
UA,1690,2024-02-07,ORD,MEX,2024-02-07T12:05:00,2024-02-07T14:23:00,2024-02-07T13:49:00,2024-02-07T16:17:00,234,787-8,Mainline,40,47,42
UA,1691,2024-02-07,ORD,BCN,2024-02-07T20:50:00,2024-02-08T00:01:00,2024-02-07T20:50:00,2024-02-08T00:01:00,234,757-300,Mainline,72,68,31
UA,1692,2024-02-07,ORD,MCI,2024-02-07T14:35:00,2024-02-07T20:22:00,2024-02-07T15:45:00,2024-02-07T21:30:00,318,787-10,Mainline,76,84,42
UA,1693,2024-02-07,ORD,MAD,2024-02-07T21:30:00,2024-02-08T01:13:00,2024-02-07T21:30:00,2024-02-08T01:10:00,128,A319,Mainline,64,70,36
UA,1694,2024-02-07,ORD,HEL,2024-02-07T17:25:00,2024-02-07T23:17:00,2024-02-07T17:25:00,2024-02-07T23:24:00,366,777-300ER,Mainline,57,56,38
UA,1695,2024-02-07,ORD,VIE,2024-02-07T08:40:00,2024-02-07T14:18:00,2024-02-07T09:52:00,2024-02-07T15:32:00,128,A319,Mainline,38,49,34
UA,1696,2024-02-07,ORD,BOG,2024-02-07T13:00:00,2024-02-07T16:26:00,2024-02-07T13:00:00,2024-02-07T16:27:00,214,767-300ER,Mainline,75,86,22
UA,1697,2024-02-07,ORD,BRU,2024-02-07T05:45:00,2024-02-07T09:29:00,2024-02-07T06:20:00,2024-02-07T10:10:00,179,737-MAX9,Mainline,45,56,41
UA,1698,2024-02-07,ORD,YYZ,2024-02-07T15:35:00,2024-02-07T18:15:00,2024-02-07T15:35:00,2024-02-07T18:18:00,234,757-300,Mainline,64,65,32
UA,1699,2024-02-07,ORD,JFK,2024-02-07T18:15:00,2024-02-07T23:23:00,2024-02-07T19:35:00,2024-02-08T00:44:00,65,CRJ-700,Express,33,40,42
UA,1700,2024-02-07,ORD,EZE,2024-02-07T12:45:00,2024-02-07T18:17:00,2024-02-07T12:45:00,2024-02-07T18:13:00,276,777-200ER,Mainline,78,75,30
UA,1701,2024-02-07,ORD,LAX,2024-02-07T06:15:00,2024-02-07T10:09:00,2024-02-07T06:15:00,2024-02-07T10:12:00,234,757-300,Mainline,43,44,27
UA,1702,2024-02-07,ORD,SIN,2024-02-07T13:40:00,2024-02-07T17:19:00,2024-02-07T14:32:00,2024-02-07T18:06:00,276,777-200ER,Mainline,29,31,43
UA,1703,2024-02-07,ORD,MSP,2024-02-07T13:45:00,2024-02-07T18:14:00,2024-02-07T13:45:00,2024-02-07T18:24:00,176,757-200,Mainline,43,33,23
UA,1704,2024-02-07,ORD,DEL,2024-02-07T10:25:00,2024-02-07T13:22:00,2024-02-07T11:21:00,2024-02-07T14:15:00,252,787-9,Mainline,71,76,42
UA,1705,2024-02-07,ORD,ARN,2024-02-07T09:00:00,2024-02-07T13:50:00,2024-02-07T09:45:00,2024-02-07T14:36:00,65,CRJ-700,Express,56,70,40
UA,1706,2024-02-07,ORD,PHX,2024-02-07T05:50:00,2024-02-07T10:32:00,2024-02-07T05:50:00,2024-02-07T10:30:00,366,777-300ER,Mainline,82,96,41
UA,1707,2024-02-07,ORD,STL,2024-02-07T12:00:00,2024-02-07T13:31:00,2024-02-07T12:00:00,2024-02-07T13:32:00,76,ERJ-175,Express,42,35,26
UA,1708,2024-02-07,ORD,DUB,2024-02-07T12:10:00,2024-02-07T16:01:00,2024-02-07T12:10:00,2024-02-07T16:02:00,366,777-300ER,Mainline,68,60,37
UA,1709,2024-02-07,ORD,RDU,2024-02-07T18:50:00,2024-02-08T00:20:00,2024-02-07T19:08:00,2024-02-08T00:39:00,179,737-MAX9,Mainline,53,51,39
UA,1710,2024-02-07,ORD,BOM,2024-02-07T19:10:00,2024-02-07T21:50:00,2024-02-07T20:06:00,2024-02-07T22:44:00,214,767-300ER,Mainline,77,71,39
UA,1711,2024-02-07,ORD,DOH,2024-02-07T11:30:00,2024-02-07T17:03:00,2024-02-07T11:30:00,2024-02-07T17:02:00,128,A319,Mainline,64,54,23
UA,1720,2024-02-08,ORD,SCL,2024-02-08T08:10:00,2024-02-08T12:09:00,2024-02-08T09:35:00,2024-02-08T13:35:00,150,A320,Mainline,84,86,36
UA,1721,2024-02-08,ORD,PDX,2024-02-08T14:10:00,2024-02-08T18:50:00,2024-02-08T14:34:00,2024-02-08T19:15:00,65,CRJ-700,Express,31,31,30
UA,1722,2024-02-08,ORD,JNB,2024-02-08T06:00:00,2024-02-08T11:22:00,2024-02-08T06:00:00,2024-02-08T11:20:00,179,737-900ER,Mainline,84,93,22
UA,1723,2024-02-08,ORD,BOM,2024-02-08T16:00:00,2024-02-08T21:38:00,2024-02-08T16:00:00,2024-02-08T21:38:00,234,787-8,Mainline,82,87,34
UA,1724,2024-02-08,ORD,BOG,2024-02-08T19:35:00,2024-02-08T22:23:00,2024-02-08T19:35:00,2024-02-08T22:28:00,128,A319,Mainline,43,39,37
UA,1725,2024-02-08,ORD,LGB,2024-02-08T17:15:00,2024-02-08T18:59:00,2024-02-08T17:15:00,2024-02-08T19:01:00,50,ERJ-145,Express,73,66,26
UA,1726,2024-02-08,ORD,DFW,2024-02-08T09:00:00,2024-02-08T12:25:00,2024-02-08T09:00:00,2024-02-08T12:26:00,176,757-200,Mainline,72,80,33
UA,1727,2024-02-08,ORD,BCN,2024-02-08T09:15:00,2024-02-08T14:30:00,2024-02-08T10:38:00,2024-02-08T15:48:00,50,ERJ-145,Express,69,69,23
UA,1728,2024-02-08,ORD,CAI,2024-02-08T22:10:00,2024-02-09T01:02:00,2024-02-08T23:53:00,2024-02-09T02:42:00,252,787-9,Mainline,53,55,41
UA,1729,2024-02-08,ORD,RDU,2024-02-08T22:35:00,2024-02-09T02:04:00,2024-02-08T22:35:00,2024-02-09T02:07:00,252,787-9,Mainline,35,43,28
UA,1730,2024-02-08,ORD,FCO,2024-02-08T11:00:00,2024-02-08T13:00:00,2024-02-08T11:00:00,2024-02-08T13:07:00,76,ERJ-175,Express,30,45,36
UA,1731,2024-02-08,ORD,CLE,2024-02-08T09:20:00,2024-02-08T12:54:00,2024-02-08T09:42:00,2024-02-08T13:14:00,318,787-10,Mainline,37,41,29
UA,1732,2024-02-08,ORD,BKK,2024-02-08T18:35:00,2024-02-08T20:43:00,2024-02-08T18:35:00,2024-02-08T20:49:00,166,737-800,Mainline,81,89,32
UA,1733,2024-02-08,ORD,SLC,2024-02-08T18:40:00,2024-02-08T20:49:00,2024-02-08T18:40:00,2024-02-08T20:57:00,234,757-300,Mainline,78,84,24
UA,1734,2024-02-08,ORD,SNA,2024-02-08T15:15:00,2024-02-08T18:59:00,2024-02-08T15:15:00,2024-02-08T19:04:00,50,CRJ-550,Express,61,59,20
UA,1735,2024-02-08,ORD,LGB,2024-02-08T17:25:00,2024-02-08T23:02:00,2024-02-08T17:54:00,2024-02-08T23:37:00,70,ERJ-170,Express,43,55,42
UA,1736,2024-02-08,ORD,DUB,2024-02-08T09:25:00,2024-02-08T14:03:00,2024-02-08T09:25:00,2024-02-08T14:12:00,50,CRJ-550,Express,50,43,26
UA,1737,2024-02-08,ORD,STL,2024-02-08T16:50:00,2024-02-08T19:20:00,2024-02-08T17:13:00,2024-02-08T19:47:00,166,737-800,Mainline,81,71,29
UA,1738,2024-02-08,ORD,ATL,2024-02-08T17:40:00,2024-02-08T22:07:00,2024-02-08T17:40:00,2024-02-08T22:05:00,128,A319,Mainline,34,47,25
UA,1739,2024-02-08,ORD,GRU,2024-02-08T16:35:00,2024-02-08T20:35:00,2024-02-08T18:35:00,2024-02-08T22:37:00,128,A319,Mainline,25,26,36
UA,1740,2024-02-08,ORD,LIM,2024-02-08T10:15:00,2024-02-08T15:56:00,2024-02-08T10:15:00,2024-02-08T15:56:00,65,CRJ-700,Express,84,82,39
UA,1741,2024-02-08,ORD,DXB,2024-02-08T17:15:00,2024-02-08T20:53:00,2024-02-08T17:15:00,2024-02-08T21:00:00,214,767-300ER,Mainline,74,84,37
UA,1742,2024-02-08,ORD,MCO,2024-02-08T06:55:00,2024-02-08T12:14:00,2024-02-08T08:30:00,2024-02-08T13:51:00,252,787-9,Mainline,43,50,23
UA,1750,2024-02-09,ORD,BKK,2024-02-09T10:30:00,2024-02-09T16:07:00,2024-02-09T10:30:00,2024-02-09T16:04:00,214,767-300ER,Mainline,46,50,35
UA,1751,2024-02-09,ORD,GRU,2024-02-09T15:40:00,2024-02-09T17:13:00,2024-02-09T15:40:00,2024-02-09T17:11:00,234,787-8,Mainline,50,42,39
UA,1752,2024-02-09,ORD,CMH,2024-02-09T07:05:00,2024-02-09T11:32:00,2024-02-09T07:49:00,2024-02-09T12:18:00,318,787-10,Mainline,51,41,33
UA,1753,2024-02-09,ORD,CLT,2024-02-09T09:15:00,2024-02-09T14:23:00,2024-02-09T10:14:00,2024-02-09T15:22:00,234,757-300,Mainline,84,96,44
UA,1754,2024-02-09,ORD,FLL,2024-02-09T19:55:00,2024-02-09T21:46:00,2024-02-09T21:26:00,2024-02-09T23:24:00,234,757-300,Mainline,88,94,35
UA,1755,2024-02-09,ORD,MAD,2024-02-09T10:25:00,2024-02-09T15:29:00,2024-02-09T12:10:00,2024-02-09T17:16:00,234,757-300,Mainline,50,58,44
UA,1756,2024-02-09,ORD,BOM,2024-02-09T13:20:00,2024-02-09T19:02:00,2024-02-09T13:20:00,2024-02-09T18:57:00,65,CRJ-700,Express,60,69,32
UA,1757,2024-02-09,ORD,CVG,2024-02-09T09:35:00,2024-02-09T11:06:00,2024-02-09T09:35:00,2024-02-09T11:11:00,276,777-200ER,Mainline,84,89,31
UA,1758,2024-02-09,ORD,MCI,2024-02-09T14:00:00,2024-02-09T16:37:00,2024-02-09T14:00:00,2024-02-09T16:44:00,176,757-200,Mainline,71,79,33
UA,1759,2024-02-09,ORD,MSP,2024-02-09T22:00:00,2024-02-10T02:09:00,2024-02-09T22:00:00,2024-02-10T02:18:00,65,CRJ-700,Express,41,49,41
UA,1760,2024-02-09,ORD,IST,2024-02-09T17:30:00,2024-02-09T20:45:00,2024-02-09T17:34:00,2024-02-09T20:44:00,50,CRJ-550,Express,53,61,41
UA,1761,2024-02-09,ORD,MSP,2024-02-09T10:55:00,2024-02-09T15:07:00,2024-02-09T10:55:00,2024-02-09T15:08:00,50,CRJ-200,Express,79,69,22
UA,1762,2024-02-09,ORD,MCO,2024-02-09T19:15:00,2024-02-09T23:26:00,2024-02-09T19:15:00,2024-02-09T23:21:00,234,757-300,Mainline,58,59,28
UA,1763,2024-02-09,ORD,HKG,2024-02-09T16:10:00,2024-02-09T18:54:00,2024-02-09T16:10:00,2024-02-09T19:02:00,214,767-300ER,Mainline,34,45,21
UA,1764,2024-02-09,ORD,DXB,2024-02-09T21:35:00,2024-02-10T01:18:00,2024-02-09T21:53:00,2024-02-10T01:43:00,234,757-300,Mainline,88,91,22
UA,1765,2024-02-09,ORD,SCL,2024-02-09T10:35:00,2024-02-09T13:52:00,2024-02-09T10:35:00,2024-02-09T14:02:00,150,A320,Mainline,30,28,21
UA,1766,2024-02-09,ORD,IST,2024-02-09T20:40:00,2024-02-10T02:19:00,2024-02-09T20:40:00,2024-02-10T02:19:00,65,CRJ-700,Express,85,83,28
UA,1767,2024-02-09,ORD,IND,2024-02-09T18:20:00,2024-02-09T23:16:00,2024-02-09T18:20:00,2024-02-09T23:24:00,179,737-900ER,Mainline,38,34,35
UA,1768,2024-02-09,ORD,BRU,2024-02-09T06:55:00,2024-02-09T11:27:00,2024-02-09T06:55:00,2024-02-09T11:33:00,234,757-300,Mainline,78,80,26
UA,1769,2024-02-09,ORD,IST,2024-02-09T19:40:00,2024-02-10T01:14:00,2024-02-09T19:40:00,2024-02-10T01:10:00,166,737-800,Mainline,89,81,40
UA,1770,2024-02-09,ORD,SLC,2024-02-09T14:20:00,2024-02-09T17:40:00,2024-02-09T14:20:00,2024-02-09T17:47:00,70,ERJ-170,Express,87,92,21
UA,1771,2024-02-09,ORD,BOS,2024-02-09T12:25:00,2024-02-09T16:58:00,2024-02-09T12:35:00,2024-02-09T17:15:00,214,767-300ER,Mainline,30,41,38
UA,1780,2024-02-10,ORD,LIM,2024-02-10T11:25:00,2024-02-10T17:06:00,2024-02-10T11:25:00,2024-02-10T17:08:00,179,737-900ER,Mainline,26,28,27
UA,1781,2024-02-10,ORD,SFO,2024-02-10T14:05:00,2024-02-10T16:03:00,2024-02-10T14:05:00,2024-02-10T16:02:00,366,777-300ER,Mainline,26,24,41
UA,1782,2024-02-10,ORD,BWI,2024-02-10T18:00:00,2024-02-10T20:39:00,2024-02-10T18:00:00,2024-02-10T20:40:00,150,A320,Mainline,64,65,28
UA,1783,2024-02-10,ORD,CMH,2024-02-10T21:55:00,2024-02-11T03:08:00,2024-02-10T21:55:00,2024-02-11T03:10:00,179,737-MAX9,Mainline,73,68,30
UA,1784,2024-02-10,ORD,EZE,2024-02-10T12:00:00,2024-02-10T15:02:00,2024-02-10T12:00:00,2024-02-10T15:02:00,176,757-200,Mainline,82,76,43
UA,1785,2024-02-10,ORD,JNB,2024-02-10T05:00:00,2024-02-10T06:44:00,2024-02-10T05:00:00,2024-02-10T06:47:00,234,787-8,Mainline,48,53,23
UA,1786,2024-02-10,ORD,PVG,2024-02-10T11:25:00,2024-02-10T16:28:00,2024-02-10T12:56:00,2024-02-10T18:00:00,276,777-200ER,Mainline,70,82,37
UA,1787,2024-02-10,ORD,JNB,2024-02-10T12:00:00,2024-02-10T14:24:00,2024-02-10T13:37:00,2024-02-10T16:00:00,50,CRJ-200,Express,65,79,45
UA,1788,2024-02-10,ORD,CMH,2024-02-10T09:05:00,2024-02-10T12:52:00,2024-02-10T09:05:00,2024-02-10T12:58:00,50,CRJ-550,Express,30,28,44
UA,1789,2024-02-10,ORD,EZE,2024-02-10T14:40:00,2024-02-10T19:55:00,2024-02-10T14:40:00,2024-02-10T20:01:00,276,777-200ER,Mainline,60,64,44
UA,1790,2024-02-10,ORD,DEL,2024-02-10T08:30:00,2024-02-10T12:43:00,2024-02-10T09:59:00,2024-02-10T14:15:00,65,CRJ-700,Express,63,57,35
UA,1791,2024-02-10,ORD,LGB,2024-02-10T18:55:00,2024-02-10T23:53:00,2024-02-10T20:45:00,2024-02-11T01:39:00,318,787-10,Mainline,83,79,22
UA,1792,2024-02-10,ORD,BRU,2024-02-10T07:10:00,2024-02-10T08:50:00,2024-02-10T08:41:00,2024-02-10T10:27:00,50,ERJ-145,Express,26,19,36
UA,1793,2024-02-10,ORD,OAK,2024-02-10T22:05:00,2024-02-11T00:06:00,2024-02-10T23:22:00,2024-02-11T01:19:00,150,A320,Mainline,88,80,21
UA,1794,2024-02-10,ORD,CLE,2024-02-10T05:00:00,2024-02-10T09:30:00,2024-02-10T05:00:00,2024-02-10T09:36:00,179,737-MAX9,Mainline,28,21,31
UA,1795,2024-02-10,ORD,MAD,2024-02-10T08:55:00,2024-02-10T11:43:00,2024-02-10T08:55:00,2024-02-10T11:51:00,70,ERJ-170,Express,63,65,26
UA,1796,2024-02-10,ORD,JNB,2024-02-10T11:45:00,2024-02-10T15:04:00,2024-02-10T11:58:00,2024-02-10T15:15:00,276,777-200ER,Mainline,60,65,30
UA,1797,2024-02-10,ORD,LGB,2024-02-10T22:00:00,2024-02-11T01:25:00,2024-02-10T23:51:00,2024-02-11T03:23:00,50,CRJ-550,Express,48,46,28
UA,1798,2024-02-10,ORD,MKE,2024-02-10T08:30:00,2024-02-10T13:23:00,2024-02-10T08:30:00,2024-02-10T13:24:00,70,ERJ-170,Express,31,41,32
UA,1810,2024-02-11,ORD,CLT,2024-02-11T06:00:00,2024-02-11T09:59:00,2024-02-11T06:29:00,2024-02-11T10:35:00,318,787-10,Mainline,65,67,40
UA,1811,2024-02-11,ORD,LHR,2024-02-11T20:30:00,2024-02-11T23:39:00,2024-02-11T21:00:00,2024-02-12T00:05:00,318,787-10,Mainline,84,91,42
UA,1812,2024-02-11,ORD,CVG,2024-02-11T12:50:00,2024-02-11T16:48:00,2024-02-11T12:50:00,2024-02-11T16:50:00,234,757-300,Mainline,45,45,42
UA,1813,2024-02-11,ORD,GRU,2024-02-11T22:05:00,2024-02-12T01:27:00,2024-02-11T22:50:00,2024-02-12T02:14:00,76,ERJ-175,Express,42,49,43
UA,1814,2024-02-11,ORD,HND,2024-02-11T17:40:00,2024-02-11T19:24:00,2024-02-11T19:21:00,2024-02-11T21:01:00,318,787-10,Mainline,53,50,23
UA,1815,2024-02-11,ORD,SJC,2024-02-11T22:55:00,2024-02-12T00:25:00,2024-02-11T22:55:00,2024-02-12T00:30:00,318,787-10,Mainline,77,67,30
UA,1816,2024-02-11,ORD,SMF,2024-02-11T21:45:00,2024-02-12T01:34:00,2024-02-11T21:45:00,2024-02-12T01:44:00,179,737-MAX9,Mainline,54,61,38
UA,1817,2024-02-11,ORD,PIT,2024-02-11T20:35:00,2024-02-11T23:05:00,2024-02-11T22:03:00,2024-02-12T00:29:00,50,ERJ-145,Express,67,61,38
UA,1818,2024-02-11,ORD,DUB,2024-02-11T12:55:00,2024-02-11T15:12:00,2024-02-11T12:55:00,2024-02-11T15:17:00,50,CRJ-200,Express,39,35,38
UA,1819,2024-02-11,ORD,BUR,2024-02-11T22:40:00,2024-02-12T01:47:00,2024-02-11T22:40:00,2024-02-12T01:44:00,50,CRJ-550,Express,53,51,26
UA,1820,2024-02-11,ORD,MKE,2024-02-11T21:50:00,2024-02-12T02:48:00,2024-02-11T21:50:00,2024-02-12T02:46:00,214,767-300ER,Mainline,73,77,44
UA,1821,2024-02-11,ORD,HKG,2024-02-11T07:35:00,2024-02-11T13:29:00,2024-02-11T07:35:00,2024-02-11T13:32:00,234,757-300,Mainline,70,63,33
UA,1822,2024-02-11,ORD,DCA,2024-02-11T06:25:00,2024-02-11T08:32:00,2024-02-11T08:10:00,2024-02-11T10:22:00,252,787-9,Mainline,31,46,28
UA,1823,2024-02-11,ORD,LIM,2024-02-11T11:40:00,2024-02-11T14:24:00,2024-02-11T11:56:00,2024-02-11T14:44:00,128,A319,Mainline,87,96,35
UA,1824,2024-02-11,ORD,CMH,2024-02-11T13:40:00,2024-02-11T18:48:00,2024-02-11T14:31:00,2024-02-11T19:37:00,234,757-300,Mainline,67,70,21
UA,1825,2024-02-11,ORD,BUR,2024-02-11T15:35:00,2024-02-11T20:27:00,2024-02-11T15:35:00,2024-02-11T20:30:00,166,737-800,Mainline,63,58,35
UA,1826,2024-02-11,ORD,VIE,2024-02-11T13:50:00,2024-02-11T16:13:00,2024-02-11T13:50:00,2024-02-11T16:09:00,214,767-300ER,Mainline,75,77,42
UA,1827,2024-02-11,ORD,SMF,2024-02-11T17:40:00,2024-02-11T19:20:00,2024-02-11T17:40:00,2024-02-11T19:17:00,65,CRJ-700,Express,84,76,30
UA,1828,2024-02-11,ORD,LAS,2024-02-11T13:30:00,2024-02-11T19:26:00,2024-02-11T14:22:00,2024-02-11T20:20:00,50,CRJ-550,Express,66,64,27
UA,1829,2024-02-11,ORD,YYZ,2024-02-11T07:30:00,2024-02-11T12:42:00,2024-02-11T08:28:00,2024-02-11T13:43:00,234,757-300,Mainline,55,50,28
UA,1840,2024-02-12,ORD,LIM,2024-02-12T06:50:00,2024-02-12T10:00:00,2024-02-12T06:50:00,2024-02-12T09:58:00,176,757-200,Mainline,58,51,36
UA,1841,2024-02-12,ORD,EZE,2024-02-12T05:10:00,2024-02-12T09:18:00,2024-02-12T05:10:00,2024-02-12T09:22:00,366,777-300ER,Mainline,86,79,34
UA,1842,2024-02-12,ORD,BCN,2024-02-12T08:40:00,2024-02-12T14:37:00,2024-02-12T08:40:00,2024-02-12T14:35:00,65,CRJ-700,Express,76,81,38
UA,1843,2024-02-12,ORD,DOH,2024-02-12T20:45:00,2024-02-13T02:14:00,2024-02-12T20:45:00,2024-02-13T02:13:00,366,777-300ER,Mainline,30,44,44
UA,1844,2024-02-12,ORD,HEL,2024-02-12T20:55:00,2024-02-12T23:59:00,2024-02-12T22:06:00,2024-02-13T01:20:00,166,737-800,Mainline,43,45,45
UA,1845,2024-02-12,ORD,FLL,2024-02-12T12:05:00,2024-02-12T16:28:00,2024-02-12T13:03:00,2024-02-12T17:21:00,128,A319,Mainline,57,49,27
UA,1846,2024-02-12,ORD,MIA,2024-02-12T12:00:00,2024-02-12T16:35:00,2024-02-12T12:00:00,2024-02-12T16:39:00,179,737-900ER,Mainline,80,86,38
UA,1847,2024-02-12,ORD,BCN,2024-02-12T10:05:00,2024-02-12T13:24:00,2024-02-12T10:05:00,2024-02-12T13:29:00,128,A319,Mainline,38,49,21
UA,1848,2024-02-12,ORD,CAI,2024-02-12T12:40:00,2024-02-12T18:11:00,2024-02-12T12:40:00,2024-02-12T18:06:00,366,777-300ER,Mainline,71,85,38
UA,1849,2024-02-12,ORD,SAN,2024-02-12T07:20:00,2024-02-12T11:24:00,2024-02-12T07:20:00,2024-02-12T11:29:00,50,CRJ-550,Express,83,90,40
UA,1850,2024-02-12,ORD,BRU,2024-02-12T22:25:00,2024-02-13T02:24:00,2024-02-12T23:15:00,2024-02-13T03:23:00,128,A319,Mainline,86,98,43
UA,1851,2024-02-12,ORD,SEA,2024-02-12T11:55:00,2024-02-12T14:07:00,2024-02-12T11:55:00,2024-02-12T14:12:00,65,CRJ-700,Express,86,100,22
UA,1852,2024-02-12,ORD,IND,2024-02-12T15:45:00,2024-02-12T19:22:00,2024-02-12T15:45:00,2024-02-12T19:31:00,179,737-MAX9,Mainline,58,50,41
UA,1853,2024-02-12,ORD,BOS,2024-02-12T07:25:00,2024-02-12T08:57:00,2024-02-12T07:25:00,2024-02-12T08:57:00,318,787-10,Mainline,62,55,43
UA,1854,2024-02-12,ORD,LAX,2024-02-12T16:10:00,2024-02-12T21:16:00,2024-02-12T17:39:00,2024-02-12T22:52:00,70,ERJ-170,Express,34,42,21
UA,1855,2024-02-12,ORD,ICN,2024-02-12T15:35:00,2024-02-12T21:09:00,2024-02-12T15:35:00,2024-02-12T21:15:00,176,757-200,Mainline,42,41,31
UA,1856,2024-02-12,ORD,ATL,2024-02-12T14:55:00,2024-02-12T17:02:00,2024-02-12T14:55:00,2024-02-12T17:11:00,234,757-300,Mainline,83,95,38
UA,1857,2024-02-12,ORD,NBO,2024-02-12T10:30:00,2024-02-12T13:47:00,2024-02-12T10:30:00,2024-02-12T13:56:00,234,787-8,Mainline,57,72,28
UA,1870,2024-02-13,ORD,LAX,2024-02-13T17:10:00,2024-02-13T22:45:00,2024-02-13T17:10:00,2024-02-13T22:52:00,366,777-300ER,Mainline,50,50,25
UA,1871,2024-02-13,ORD,HKG,2024-02-13T17:20:00,2024-02-13T21:43:00,2024-02-13T18:50:00,2024-02-13T23:14:00,179,737-900ER,Mainline,65,64,21
UA,1872,2024-02-13,ORD,DTW,2024-02-13T18:50:00,2024-02-13T22:50:00,2024-02-13T18:50:00,2024-02-13T22:49:00,70,ERJ-170,Express,29,19,21
UA,1873,2024-02-13,ORD,DFW,2024-02-13T13:05:00,2024-02-13T14:40:00,2024-02-13T13:44:00,2024-02-13T15:18:00,128,A319,Mainline,83,88,42
UA,1874,2024-02-13,ORD,SAN,2024-02-13T13:40:00,2024-02-13T17:31:00,2024-02-13T13:40:00,2024-02-13T17:40:00,234,787-8,Mainline,39,46,43
UA,1875,2024-02-13,ORD,IAD,2024-02-13T21:40:00,2024-02-14T01:22:00,2024-02-13T21:40:00,2024-02-14T01:20:00,70,ERJ-170,Express,65,73,33
UA,1876,2024-02-13,ORD,BRU,2024-02-13T21:45:00,2024-02-14T00:56:00,2024-02-13T21:45:00,2024-02-14T00:51:00,50,CRJ-200,Express,54,60,28
UA,1877,2024-02-13,ORD,MCI,2024-02-13T06:50:00,2024-02-13T09:10:00,2024-02-13T07:22:00,2024-02-13T09:48:00,179,737-900ER,Mainline,52,49,28
UA,1878,2024-02-13,ORD,JNB,2024-02-13T06:05:00,2024-02-13T08:27:00,2024-02-13T06:05:00,2024-02-13T08:32:00,234,757-300,Mainline,40,40,26
UA,1879,2024-02-13,ORD,BOG,2024-02-13T10:00:00,2024-02-13T11:56:00,2024-02-13T10:00:00,2024-02-13T12:05:00,70,ERJ-170,Express,28,32,31
UA,1880,2024-02-13,ORD,SIN,2024-02-13T16:00:00,2024-02-13T21:15:00,2024-02-13T16:34:00,2024-02-13T21:59:00,234,757-300,Mainline,73,88,34
UA,1881,2024-02-13,ORD,BCN,2024-02-13T12:55:00,2024-02-13T16:23:00,2024-02-13T14:47:00,2024-02-13T18:10:00,234,787-8,Mainline,73,68,41
UA,1882,2024-02-13,ORD,EZE,2024-02-13T20:55:00,2024-02-14T01:53:00,2024-02-13T20:55:00,2024-02-14T01:52:00,128,A319,Mainline,26,29,32
UA,1883,2024-02-13,ORD,ARN,2024-02-13T11:55:00,2024-02-13T17:54:00,2024-02-13T11:55:00,2024-02-13T17:59:00,318,787-10,Mainline,69,76,31
UA,1884,2024-02-13,ORD,HEL,2024-02-13T07:10:00,2024-02-13T08:41:00,2024-02-13T07:37:00,2024-02-13T09:09:00,76,ERJ-175,Express,59,62,26
UA,1885,2024-02-13,ORD,DCA,2024-02-13T10:40:00,2024-02-13T15:42:00,2024-02-13T12:40:00,2024-02-13T17:45:00,176,757-200,Mainline,77,82,23
UA,1886,2024-02-13,ORD,AMS,2024-02-13T11:00:00,2024-02-13T14:53:00,2024-02-13T11:00:00,2024-02-13T15:01:00,70,ERJ-170,Express,84,82,37
UA,1887,2024-02-13,ORD,BOS,2024-02-13T19:50:00,2024-02-13T23:26:00,2024-02-13T19:50:00,2024-02-13T23:28:00,234,787-8,Mainline,62,73,22
UA,1888,2024-02-13,ORD,EWR,2024-02-13T19:00:00,2024-02-14T00:56:00,2024-02-13T19:00:00,2024-02-14T00:51:00,318,787-10,Mainline,39,31,20
UA,1889,2024-02-13,ORD,AMS,2024-02-13T19:25:00,2024-02-13T21:47:00,2024-02-13T19:25:00,2024-02-13T21:53:00,50,CRJ-200,Express,73,64,37
UA,1890,2024-02-13,ORD,HND,2024-02-13T17:45:00,2024-02-13T20:41:00,2024-02-13T17:45:00,2024-02-13T20:38:00,234,787-8,Mainline,25,29,27
UA,1891,2024-02-13,ORD,MSP,2024-02-13T17:50:00,2024-02-13T19:22:00,2024-02-13T19:10:00,2024-02-13T20:37:00,50,CRJ-550,Express,50,57,25
UA,1892,2024-02-13,ORD,LAX,2024-02-13T21:30:00,2024-02-14T00:50:00,2024-02-13T21:30:00,2024-02-14T00:56:00,65,CRJ-700,Express,33,41,24
UA,1893,2024-02-13,ORD,OAK,2024-02-13T20:40:00,2024-02-14T01:03:00,2024-02-13T20:40:00,2024-02-14T01:04:00,166,737-800,Mainline,62,57,45